1.27119;62;22285;10;1;"Lark In The Morning, The (1)"
3.81356;4373;4373;5;0;"Padraig O 'Keeffe's (1)"
4.23729;775;13901;0;0;"Banks Of Lough Gowna, The (1)"
4.44915;4047;16867;10;0;"Liam O'Connors (1)"
4.66102;5081;5081;5;0;"April's Fool (1)"
4.66102;3006;26048;7;0;"Caherlistrane (1)"
4.66102;9023;9023;0;0;"Humours Of Glynn, The (1)"
4.66102;70;12536;5;0;"Merrily Kissed The Quaker (5)"
4.66102;1629;32493;7;0;"Thadelo's (5)"
4.66102;1433;1433;5;0;"Tommy Mulhaire's (1)"
1.27119;3.81356;77
