2.32211;5463;5463;0;0;"Pride Of Leinster, The (1)"
2.32211;261;12999;0;1;"Ships In Full Sail, The (1)"
2.48797;735;735;0;0;"Going To Donnybrook (1)"
3.48316;362;25104;0;0;"Mouse In The Mug, The (1)"
3.64903;3395;16446;0;0;"Miss Walsh (1)"
3.81489;9448;9448;0;0;"Bucks Of Dublin, The (5)"
3.81489;843;14013;0;0;"Christy Barry's (1)"
3.98076;285;26019;0;0;"First Night In America, The (1)"
3.98076;7514;7514;0;0;"King, The (1)"
3.98076;8745;8745;0;0;"Shanahan's Rambles (1)"
2.32211;2.32211;81
