2.94838;765;13877;0;1;"Sailor On The Rock, The (4)"
6.70086;924;924;5;0;"Connor Bones (4)"
7.50496;142;12765;7;0;"Boyne Hunt, The (4)"
8.30906;16581;31520;10;0;"Frank Kelly's (4)"
8.30906;74;32497;7;0;"Mason's Apron, The (4)"
8.57710;10813;10813;7;0;"Captain And His Whiskers, The (4)"
8.57710;8910;8910;0;0;"Conlan's Well (4)"
8.57710;3434;16477;5;0;"Garrett Barry's (4)"
8.57710;4770;17247;0;0;"John O'Shea's March (2)"
8.57710;12416;20700;0;0;"Maid Amongst The Roses (4)"
2.94838;6.70086;86
