1.06817;151;151;0;1;"Tar Road To Sligo, The (1)"
5.87491;7828;7828;0;0;"Races At Carrick, The (1)"
6.40899;4887;4887;7;0;"Cahal's (1)"
6.40899;778;778;0;0;"Long Night, The (6)"
6.94308;6816;6816;0;0;"Gigue Des Touristes (1)"
7.21012;1494;1494;5;0;"Belle Gigue (1)"
7.21012;662;662;0;0;"Johnny Doherty's (1)"
7.21012;4711;4711;0;0;"King Billy's March (1)"
7.21012;2724;4704;10;0;"Mac's Fancy (1)"
7.21012;11877;11877;0;0;"Spotted Cow, The (1)"
1.06817;5.87491;73
