3.54475;410;410;0;1;"Old Copperplate, The (4)"
5.98176;14477;26634;7;0;"Selkie At The Door (4)"
6.20331;7437;7437;7;0;"Kushka's (4)"
6.20331;2221;15588;7;0;"MacArthur Road (4)"
6.20331;8708;8708;10;0;"Sarty Party (4)"
6.42485;1406;1406;0;0;"Jimmy O'Reilly's (4)"
6.42485;432;28234;0;0;"Maid Of Mount Kisco, The (4)"
6.42485;3890;16797;0;0;"Mná Na HÉireann (2)"
6.42485;197;12856;0;0;"Star Of Munster, The (4)"
6.42485;10678;10678;2;0;"Taybank Shenanigans (4)"
3.54475;5.98176;92
