6.60950;83;83;0;1;"Rights Of Man, The (0)"
12.11742;9012;19831;0;0;"Katy Hill (4)"
14.32059;3240;3240;0;0;"Holloway Road Fling, The (4)"
14.87138;4167;4167;0;0;"Cruach An Choirce (0)"
14.87138;5800;5800;0;0;"Mamallapuram Monsoon (4)"
15.42217;12436;20754;0;0;"Breton (7)"
15.42217;4734;32653;0;0;"Few Bob, The (0)"
15.42217;12036;12036;0;0;"Julia's Wedding (0)"
15.42217;10760;10760;5;0;"Paddy Connelly's Stack Of Barley (0)"
15.42217;9793;9793;0;0;"Sligo, The (4)"
6.60950;12.11742;75
