0.36084;720;720;0;1;"Old Blackthorn, The (4)"
0.57311;5516;5516;0;0;"Brogan's Ferry (4)"
0.67924;4188;4188;7;0;"Gan Ainm (4)"
0.67924;938;29391;0;0;"Lady On The Island, The (4)"
0.70046;10941;10941;5;0;"Adrian's Delight (4)"
0.70046;15913;29933;0;0;"Betty Black (2)"
0.70046;651;13682;0;0;"Boys Of Bluehill, The (0)"
0.70046;166;12798;0;0;"Green Mountain, The (4)"
0.70046;7462;18942;5;0;"Jack Robinson (3)"
0.70046;8360;8360;5;0;"Suo Gan (4)"
0.36084;0.57311;85
