0.98385;1348;23501;0;1;"Boys Of Ballinahinch, The (4)"
2.18634;1509;24208;0;0;"Strawberry Blossom, The (4)"
3.38883;1432;1432;0;0;"Noisy Curlew, The (4)"
3.49815;12802;27029;5;0;"Lisheen, The (4)"
3.60747;17471;33536;0;0;"Barn Dance (2)"
3.60747;3127;3127;5;0;"Lisdoonvarna, The (4)"
3.60747;543;26706;0;0;"Ships Are Sailing, The (4)"
3.71678;2301;2301;0;0;"Charlie Mulvihill's (4)"
3.71678;936;2057;5;0;"Fair Wind, The (4)"
3.71678;1552;29073;0;0;"Lucy Campbell (4)"
0.98385;2.18634;90
