0.78670;1348;23501;0;1;"Boys Of Ballinahinch, The (4)"
1.27083;1509;24208;0;0;"Strawberry Blossom, The (4)"
1.87599;1432;14809;0;0;"Noisy Curlew, The (4)"
1.93650;240;22888;0;0;"Silver Spire, The (4)"
1.93650;9474;9474;5;0;"Tear The Calico (4)"
1.99702;1872;15309;0;0;"Billy Brocker's (4)"
1.99702;12802;27029;5;0;"Lisheen, The (4)"
1.99702;3873;3873;0;0;"Maids Of Ardnaree, The (4)"
1.99702;13531;23934;0;0;"Mill Stream, The (4)"
1.99702;4099;4099;0;0;"Outdoor Relief, The (4)"
0.78670;1.27083;85
