5.59887;72;22729;0;1;"Merry Blacksmith, The (4)"
13.43729;6540;6540;0;0;"Paddy On The Railway (4)"
13.99718;486;486;0;0;"Mrs. Crotty's Christening (4)"
15.67684;3016;3016;0;0;"Calum's Road (2)"
16.23673;8;34206;5;0;"Banshee, The (4)"
16.23673;15138;28068;0;0;"Dave MacNeil's (4)"
16.23673;7649;7649;5;0;"Jaunty Warren, The (0)"
16.23673;10434;10434;5;0;"Mouth Organ, The (2)"
16.23673;5065;5065;0;0;"Thanks To Brian (0)"
16.23673;2638;26962;7;0;"Turkey In The Straw (4)"
5.59887;13.43729;84
