7.00000;820;26033;0;1;"Butlers Of Glen Avenue, The (1)"
7.00000;91;12630;0;0;"Roaring Barmaid, The (1)"
19.00000;843;21444;0;0;"Christy Barry's (1)"
22.00000;11833;11833;0;0;"Bernie Cunnion's Favourite (1)"
22.00000;4948;4948;0;0;"Brother Gildas' (1)"
22.00000;1077;31403;0;0;"Munster Buttermilk (1)"
23.00000;6755;6755;10;0;"Bessie Murphy (1)"
23.00000;8383;8383;0;0;"Gan Ainm (1)"
23.00000;865;15905;10;0;"Kevin McHugh's (1)"
23.00000;5867;17783;7;0;"Lark's March, The (1)"
7.00000;7.00000;73
