1.17684;98;98;0;1;"Sally Gardens, The (4)"
2.01744;14008;25372;0;0;"Glen Allen (4)"
2.26962;969;14166;0;0;"Buckley's Fancy (4)"
2.26962;141;25665;0;0;"Humours Of Tulla, The (4)"
2.26962;3003;3003;0;0;"Paddy Ryan's Nightmare (4)"
2.35368;2221;2221;9;0;"MacArthur Road (4)"
2.52180;5298;5298;7;0;"Da Grocer (4)"
2.52180;5032;5032;0;0;"Lex The Former Gobbo (4)"
2.52180;13573;24024;0;0;"Union (0)"
2.60586;2601;15857;0;0;"First House In Connaught, The (4)"
1.17684;2.01744;92
