0.30899;5;25593;0;1;"Blarney Pilgrim, The (1)"
0.75843;7353;30411;2;0;"Donald McLean Of Lewis (1)"
0.75843;4934;4934;7;0;"Lieve's (1)"
0.75843;3842;16768;5;0;"Lisnagun, The (1)"
0.75843;6316;18078;5;0;"Lisnagun, The (1)"
0.75843;3418;34178;0;0;"My Former Wife (1)"
0.78652;9384;9384;7;0;"A Blur Of Heather (1)"
0.78652;3110;3110;0;0;"Helvic Head (1)"
0.81461;4164;4164;0;0;"Morrison's Favourite (1)"
0.81461;5797;17738;0;0;"Mulvihill's (1)"
0.30899;0.75843;76
