1.58895;765;13877;0;1;"Sailor On The Rock, The (4)"
3.61125;924;924;5;0;"Connor Bones (4)"
4.04460;142;12765;7;0;"Boyne Hunt, The (4)"
4.47795;16581;31520;10;0;"Frank Kelly's (4)"
4.47795;74;32497;7;0;"Mason's Apron, The (4)"
4.62240;10813;10813;7;0;"Captain And His Whiskers, The (4)"
4.62240;8910;8910;0;0;"Conlan's Well (4)"
4.62240;3434;16477;5;0;"Garrett Barry's (4)"
4.62240;4770;17247;0;0;"John O'Shea's March (2)"
4.62240;12416;20700;0;0;"Maid Amongst The Roses (4)"
1.58895;3.61125;86
