0.57548;151;151;0;1;"Tar Road To Sligo, The (1)"
3.16514;7828;7828;0;0;"Races At Carrick, The (1)"
3.45288;4887;4887;7;0;"Cahal's (1)"
3.45288;778;778;0;0;"Long Night, The (6)"
3.74062;6816;6816;0;0;"Gigue Des Touristes (1)"
3.88449;1494;1494;5;0;"Belle Gigue (1)"
3.88449;662;662;0;0;"Johnny Doherty's (1)"
3.88449;4711;4711;0;0;"King Billy's March (1)"
3.88449;2724;4704;10;0;"Mac's Fancy (1)"
3.88449;11877;11877;0;0;"Spotted Cow, The (1)"
0.57548;3.16514;73
