1.27392;695;695;0;1;"Green Fields Of America, The (4)"
2.44168;471;34105;7;0;"Miss Monaghan (4)"
3.18480;585;24417;0;0;"Flower Of The Flock, The (4)"
3.29096;569;569;5;0;"Kitty In The Lane (4)"
3.29096;6992;23797;0;0;"Miss Wedderburn's (4)"
3.29096;5351;5351;7;0;"Taylor's (2)"
3.39712;4199;4199;5;0;"Early Morning, The (4)"
3.39712;33;12430;0;0;"Farewell To Erin (4)"
3.39712;4403;17059;0;0;"Farewell To Ireland (4)"
3.39712;1273;33360;7;0;"Navvy On The Shore, The (4)"
1.27392;2.44168;84
