2.70855;413;413;0;1;"Humours Of Drinagh, The (1)"
4.79205;1733;1733;0;0;"Farewell To Gurteen (1)"
5.20875;308;13073;0;0;"Tobin's Favourite (1)"
5.62545;13012;22372;0;0;"Castleblaney Piper, The (1)"
5.83380;809;25993;0;0;"Charlie Hunter (1)"
6.04215;4102;16889;0;0;"Billy Pigg's (1)"
6.04215;1000;14212;5;0;"Bridal, The (1)"
6.04215;8551;8551;5;0;"Joan's (1)"
6.04215;8963;19795;7;0;"Old As The Hills (1)"
6.04215;12913;22109;5;0;"Oro Bog Liom I (5)"
2.70855;4.79205;80
