0.45866;769;13892;0;1;"Belles Of Tipperary, The (4)"
0.67450;891;28951;0;0;"Trip To Durrow, The (4)"
0.75544;682;682;0;0;"Master McDermott's (4)"
0.78242;11112;11112;7;0;"Billy's (4)"
0.78242;310;23628;0;0;"Home Ruler, The (0)"
0.78242;3414;26332;5;0;"Hurlock's (4)"
0.78242;12268;12268;5;0;"Sean's (4)"
0.80940;5998;17903;10;0;"Cronin's (4)"
0.80940;14947;27618;5;0;"Free Of C & F (4)"
0.80940;1846;15279;5;0;"Mossy Banks, The (4)"
0.45866;0.67450;87
