0.47355;938;938;0;1;"Lady On The Island, The (4)"
2.08362;2825;2825;0;0;"Hornless Cow, The (4)"
2.36775;1436;27101;7;0;"Boys Of Portaferry, The (4)"
2.46246;2039;22891;0;0;"Charlie Harris's (3)"
2.46246;380;380;0;0;"Jenny Dang The Weaver (4)"
2.46246;4620;17172;0;0;"John Blessings' (4)"
2.46246;720;29254;0;0;"Old Blackthorn, The (4)"
2.55717;739;13821;0;0;"Ashmolean House (4)"
2.55717;4142;4142;0;0;"John Blessing's (4)"
2.55717;8229;8229;0;0;"Lasses Trust In Providence (4)"
0.47355;2.08362;82
