0.01344;1348;23501;0;1;"Boys Of Ballinahinch, The (4)"
0.02352;1509;14899;0;0;"Strawberry Blossom, The (4)"
0.03472;481;13381;0;0;"Bill Sullivan's (3)"
0.03472;1432;1432;0;0;"Noisy Curlew, The (4)"
0.03472;3573;30191;0;0;"Shepherd's Hey (4)"
0.03584;1011;14229;0;0;"Around The World For Sport (4)"
0.03584;4420;4420;7;0;"Break Yer Bass Drone (4)"
0.03584;357;18513;10;0;"Denis Murphy's (3)"
0.03584;12802;27029;5;0;"Lisheen, The (4)"
0.03584;1660;15088;0;0;"O'Connor Donn's (4)"
0.01344;0.02352;88
