0.10890;517;32671;0;1;"Pigeon On The Gate, The (4)"
0.25047;4312;17011;0;0;"Pigeon On The Gate, The (4)"
0.28314;8512;8512;10;0;"Bog Man, The (4)"
0.28314;2738;10171;5;0;"Ginley's (4)"
0.29403;8657;8657;5;0;"Belhavel Lough (4)"
0.29403;363;363;0;0;"Drunken Landlady, The (4)"
0.29403;921;14109;5;0;"Knotted Cord, The (4)"
0.29403;3589;3589;3;0;"Pretty Pepper (4)"
0.29403;9686;9686;0;0;"Sean Kelly (4)"
0.29403;711;20956;0;0;"Tap Room, The (4)"
0.10890;0.25047;83
