0.84469;5215;3446;0;1;"Gleanntan Frolics, The (5)"
1.53580;16790;31991;7;0;"Ceangulla, The (5)"
2.22691;3256;3256;0;0;"Baidin Fheilimi (5)"
2.22691;16948;32332;5;0;"Gan Ainm (6)"
2.30370;17409;33403;7;0;"Three White Cats, The (1)"
2.38049;13434;23698;5;0;"Drunken Gauger (6)"
2.38049;14117;31685;5;0;"Gyn Ennym! (5)"
2.38049;1110;14359;0;0;"Muckin' O' Geordie's Byre, The (1)"
2.38049;217;31701;5;0;"Orphan, The (1)"
2.38049;15172;28152;5;0;"White Winged Diver, The (1)"
0.84469;1.53580;83
