3.00000;45;33201;0;1;"Humours Of Glendart, The (1)"
25.00000;8665;19599;0;0;"Saddle The Pony (1)"
25.00000;12512;20957;0;0;"Seamus Begley's (5)"
25.00000;2025;2025;0;0;"Wandering Minstrel, The (1)"
27.00000;166;33664;0;0;"Green Mountain, The (4)"
27.00000;4463;4463;0;0;"Hill Road, The (4)"
27.00000;2699;15936;0;0;"Jackson's Morning Brush (1)"
27.00000;11600;11600;0;0;"Joan Martin's (3)"
27.00000;15323;28660;0;0;"Low, The (3)"
27.00000;17480;33555;0;0;"Tam's (1)"
3.00000;25.00000;72
