8.00000;45;12470;0;1;"Humours Of Glendart, The (1)"
23.00000;2025;15434;0;0;"Wandering Minstrel, The (1)"
24.00000;818;818;0;0;"Wallop The Spot (1)"
25.00000;820;820;5;0;"Butlers Of Glen Avenue, The (1)"
25.00000;15815;29775;0;0;"Cill Aodáin (1)"
25.00000;4934;4934;0;0;"Lieve's (1)"
25.00000;15323;28556;5;0;"Low, The (3)"
25.00000;91;12630;5;0;"Roaring Barmaid, The (1)"
25.00000;10587;31572;0;0;"Rubber Band, The (5)"
25.00000;261;22793;5;0;"Ships In Full Sail, The (1)"
8.00000;23.00000;70
