6.00000;19;34120;0;1;"Connaughtman's Rambles, The (1)"
25.00000;62;21313;0;0;"Lark In The Morning, The (1)"
27.00000;15;31099;0;0;"Calliope House (1)"
28.00000;15321;28552;0;0;"Munsterman's Rambles (3)"
28.00000;1764;15210;0;0;"Scartaglen, The (3)"
28.00000;182;182;0;0;"Silver Spear, The (4)"
29.00000;17467;33530;0;0;"Before I Was Married (1)"
29.00000;667;667;0;0;"Killavil, The (1)"
29.00000;1117;28561;0;0;"Spanish Lady (3)"
29.00000;11877;11877;0;0;"Spotted Cow, The (1)"
6.00000;25.00000;76
