17.00000;62;25964;0;1;"Lark In The Morning, The (1)"
25.00000;5867;17782;0;0;"Lark's March, The (1)"
26.00000;894;29803;0;0;"Up In The Air (1)"
28.00000;2060;29875;0;0;"Morning Lark, The (1)"
30.00000;11877;11877;0;0;"Spotted Cow, The (1)"
31.00000;12742;21566;0;0;"Fiach (1)"
31.00000;3998;3998;0;0;"Four Shoves, The (3)"
31.00000;5627;30180;0;0;"Humours Of Clonmult, The (5)"
31.00000;793;13941;0;0;"Jimmy Ward's (1)"
31.00000;1964;28918;0;0;"Pat Ward's (5)"
17.00000;25.00000;81
