8.00000;2025;24275;0;1;"Wandering Minstrel, The (1)"
25.00000;6202;6202;0;0;"Iain And Shirley's Wedding (1)"
25.00000;587;13585;0;0;"Whistling Postman, The (1)"
26.00000;12234;12234;7;0;"Julia Clifford's (1)"
27.00000;8000;8000;0;0;"Andy McGann's (1)"
27.00000;1430;1994;5;0;"Cat That Ate The Candle, The (1)"
27.00000;319;319;0;0;"Jerry's Beaver Hat (1)"
27.00000;55;26438;5;0;"Kesh, The (1)"
27.00000;5816;5816;0;0;"My Precious (1)"
27.00000;7600;7600;0;0;"Port Chuilinn (1)"
8.00000;25.00000;77
