5.00000;651;651;0;1;"Boys Of Bluehill, The (0)"
20.00000;2045;25819;0;0;"Duncan Davidson's (2)"
20.00000;10371;20320;0;0;"Keep The Old Ark Rolling (5)"
21.00000;8766;8766;0;0;"Obsessive Island (1)"
22.00000;347;13150;0;0;"Martin Wynne's (4)"
22.00000;14436;26516;0;0;"Mill, Mill O, The (2)"
22.00000;8616;25822;0;0;"Neckbelly #2 (4)"
22.00000;3837;3837;0;0;"Rannie MacLellan's (4)"
22.00000;15600;29261;0;0;"Reel à Marcel (4)"
22.00000;5720;5720;0;0;"Saratoga (0)"
5.00000;20.00000;65
