14.00000;808;33981;0;1;"Cook In The Kitchen, The (1)"
26.00000;228;33700;0;0;"Coppers And Brass (1)"
27.00000;3701;3701;0;0;"Katie's Fancy (1)"
28.00000;1371;14726;0;0;"Gold Ring, The (1)"
28.00000;4261;4261;0;0;"Henchey's Delight (1)"
28.00000;6488;6488;0;0;"Kokopelli's Trip To Ireland (1)"
29.00000;17343;33242;0;0;"Sod Of Turf, The (1)"
29.00000;11061;11061;0;0;"Walsh's Favorite (1)"
30.00000;5594;5594;0;0;"Caitriona's Fancy (1)"
31.00000;3088;16212;0;0;"Peggy's (1)"
14.00000;26.00000;82
