9.00000;322;13093;0;1;"Green Fields Of Rossbeigh, The (4)"
18.00000;3307;24936;0;0;"Reel Of Bogie, The (4)"
25.00000;11934;11934;0;0;"Burnt Cabbage, The (4)"
29.00000;2626;2626;0;0;"Temple Hill (4)"
29.00000;15474;28980;0;0;"Trip To Ashbourne (1)"
30.00000;1014;14231;0;0;"Barrack Hill (5)"
30.00000;1318;29854;0;0;"Blink (4)"
30.00000;459;13339;0;0;"Ferny Hill (4)"
30.00000;6031;6031;0;0;"Haughs Of Cromdale, The (2)"
30.00000;733;733;0;0;"Killarney Boys Of Pleasure, The (4)"
9.00000;18.00000;79
