5.00000;322;13093;0;1;"Green Fields Of Rossbeigh, The (4)"
11.00000;3307;24936;0;0;"Reel Of Bogie, The (4)"
25.00000;15663;29397;0;0;"Gan Ainm (4)"
25.00000;2271;15640;0;0;"Humours Of Castlefin, The (4)"
25.00000;1087;14326;0;0;"Patsy Touhey's (4)"
26.00000;11934;11934;0;0;"Burnt Cabbage, The (4)"
27.00000;679;679;0;0;"Sixty Ninth Street (3)"
28.00000;1318;29854;0;0;"Blink (4)"
28.00000;6031;6031;0;0;"Haughs Of Cromdale, The (2)"
28.00000;1447;14835;0;0;"Whelan's (1)"
5.00000;11.00000;81
