9.00000;60;12501;0;1;"Lilting Banshee, The (1)"
20.00000;14786;27295;0;0;"Church Of Dromore, The (1)"
20.00000;4176;4379;0;0;"Liz Kelly's (5)"
21.00000;12289;12289;0;0;"Killaloe Boat, The (1)"
25.00000;5647;5647;0;0;"An Sean Duine (1)"
25.00000;8433;19510;0;0;"Barrel Rafferty's (1)"
25.00000;1003;14217;0;0;"Butcher's Fancy, The (1)"
25.00000;12000;12000;0;0;"Da Smugglers (1)"
25.00000;3226;16296;0;0;"Paddy's (3)"
25.00000;109;109;0;0;"Tenpenny Bit, The (1)"
9.00000;20.00000;74
