2.00000;388;388;7;1;"Drops Of Brandy, The (6)"
21.00000;678;20697;7;0;"Hedigan's Fancy (6)"
22.00000;169;27607;7;0;"Gusty's Frolics (6)"
25.00000;7771;19115;0;0;"Follow Her Over The Border (6)"
26.00000;1348;14696;7;0;"Boys Of Ballinahinch, The (4)"
26.00000;17339;33232;0;0;"Hoffedd Ap Hywel (6)"
26.00000;5269;17500;0;0;"Joe Cant's (4)"
26.00000;1833;1833;0;0;"Mrs. Crowley's (3)"
26.00000;2610;22163;0;0;"Pinch Of Snuff, The (4)"
26.00000;6350;6350;10;0;"Powell's Fancy (6)"
2.00000;21.00000;72
