10.00000;887;887;0;1;"New Copperplate, The (4)"
27.00000;2764;2764;0;0;"Caucus, The (4)"
28.00000;3644;33999;0;0;"One-Horned Sheep, The (1)"
29.00000;577;13564;0;0;"Ah Surely (4)"
29.00000;162;23397;0;0;"Bill Malley's (2)"
29.00000;514;23074;0;0;"Down The Broom (4)"
29.00000;6781;6781;5;0;"Mary Alick's (4)"
29.00000;5951;17848;0;0;"Mary O'Neill's Fancy (4)"
29.00000;9816;9816;0;0;"Matthew's (4)"
29.00000;236;12937;2;0;"Swinging On The Gate (4)"
10.00000;27.00000;88
