6.00000;432;27046;0;1;"Maid Of Mount Kisco, The (4)"
19.00000;2626;24263;0;0;"Temple Hill (4)"
22.00000;4461;21140;0;0;"Jim Coleman's (4)"
23.00000;7270;7270;0;0;"Ceo Ar A'gCnoc (4)"
23.00000;2430;15762;0;0;"McGovern's Favourite (4)"
23.00000;13726;24428;0;0;"Tom Billy's Butcher's March (1)"
24.00000;7315;7315;0;0;"Bencroy (4)"
24.00000;1003;31984;0;0;"Butcher's Fancy, The (1)"
24.00000;442;13306;0;0;"Flowers Of Red Hill, The (4)"
24.00000;6977;18555;0;0;"Sligo, The (4)"
6.00000;19.00000;84
