4.00000;432;27046;0;1;"Maid Of Mount Kisco, The (4)"
30.00000;7864;19175;0;0;"Paddy's In Chicago (0)"
31.00000;12926;22144;0;0;"Fox Chase, The (1)"
31.00000;1894;31831;0;0;"Hanley's Tweed (4)"
31.00000;6237;6237;9;0;"Malcolm Finlay's (4)"
31.00000;10100;20216;0;0;"Mull Rant, The (2)"
31.00000;4460;33074;7;0;"Old Pensioner, The (4)"
31.00000;7228;7228;0;0;"Rainy Day, The (4)"
31.00000;197;12855;0;0;"Star Of Munster, The (4)"
31.00000;440;13303;0;0;"Tommy Coen's (4)"
4.00000;30.00000;87
