7.00000;614;21187;0;1;"Connemara Stockings, The (4)"
27.00000;17150;32951;0;0;"Brother's (1)"
28.00000;1290;33107;0;0;"Mama's Pet (4)"
29.00000;858;24383;0;0;"Captain O'Kane (1)"
29.00000;13709;24385;0;0;"Captain O'Kane (7)"
29.00000;1205;24540;0;0;"Castlebar Races, The (1)"
29.00000;12609;21213;0;0;"Don't Drink And Drum (4)"
29.00000;7514;7514;0;0;"King, The (1)"
29.00000;10991;10991;0;0;"King, The (1)"
29.00000;242;25289;0;0;"Mother's Delight (4)"
7.00000;27.00000;84
