19.00000;1428;1428;0;1;"Humours Of Ballyconnell, The (4)"
27.00000;1363;1363;5;0;"Thirty Bottle Hughie (4)"
28.00000;1400;1400;5;0;"Captain Byng (4)"
28.00000;17302;33160;0;0;"One Choppin Mair (4)"
29.00000;15792;29706;5;0;"Colclough's (0)"
29.00000;15139;28070;7;0;"Forest Lodge (4)"
29.00000;5141;17436;0;0;"Lilly, The (4)"
29.00000;4213;4213;0;0;"Maid That Dare Not Tell, The (4)"
29.00000;17578;33805;7;0;"Reel Du Bonhomme (4)"
29.00000;816;30530;0;0;"Tom Billy's (1)"
19.00000;27.00000;89
