12.00000;413;22993;0;1;"Humours Of Drinagh, The (1)"
25.00000;5695;5695;0;0;"Swallow's Nest, The (1)"
26.00000;1733;1733;0;0;"Farewell To Gurteen (1)"
26.00000;308;13073;0;0;"Tobin's Favourite (1)"
27.00000;1076;14307;0;0;"Black Rogue, The (1)"
27.00000;809;25106;0;0;"Charlie Hunter (1)"
27.00000;17132;32789;0;0;"Gan Ainm (1)"
27.00000;10169;10169;0;0;"Ginley's (4)"
27.00000;15795;29716;0;0;"House On The Lake, The (7)"
27.00000;4387;4387;0;0;"San Francisco, The (4)"
12.00000;25.00000;77
