5.00000;769;13892;0;1;"Belles Of Tipperary, The (4)"
29.00000;15856;29826;0;0;"Saltón Del Medio (4)"
30.00000;1385;14747;5;0;"Duke Of Leinster, The (4)"
30.00000;1974;15399;0;0;"I Have No Money (4)"
30.00000;8055;8055;5;0;"Johnnie McIljohn's (4)"
30.00000;2577;2577;0;0;"Marian's Favourite (4)"
30.00000;11826;11826;0;0;"Matt Hayes' (3)"
30.00000;12699;28678;0;0;"Mike's Ride (4)"
30.00000;16158;30472;0;0;"Trasna Na DTonnta (5)"
30.00000;818;13968;0;0;"Wallop The Spot (1)"
5.00000;29.00000;87
