9.00000;11;11;0;1;"Boys Of Malin, The (4)"
30.00000;17051;32575;0;0;"Alan Davidson (4)"
30.00000;9654;9654;0;0;"Conal's (4)"
30.00000;459;459;0;0;"Ferny Hill (4)"
30.00000;2971;2971;0;0;"Glasgow Highlanders, The (2)"
30.00000;566;33337;0;0;"Jolly Beggerman, The (4)"
30.00000;1604;1604;0;0;"Kelsey's Wee (4)"
30.00000;4062;4062;0;0;"Man With Two Women, The (4)"
30.00000;3847;25153;0;0;"Reel Saint-Antoine (4)"
30.00000;7815;19135;0;0;"Roving Blade, The (6)"
9.00000;30.00000;91
