8.00000;42;42;0;1;"Gravel Walks, The (4)"
17.00000;2872;31813;0;0;"Ryan's Rant (4)"
26.00000;3210;3210;0;0;"Return To Camden Town (4)"
27.00000;2308;2308;0;0;"Maghera, The (4)"
28.00000;13801;24761;0;0;"Beauties Of The Ballroom (1)"
28.00000;1474;14868;0;0;"Concert, The (4)"
28.00000;2991;2991;0;0;"Harmonic Convergence, The (4)"
28.00000;2715;2715;0;0;"Miss Montgomery (4)"
28.00000;410;33196;0;0;"Old Copperplate, The (4)"
28.00000;115;12704;0;0;"Over The Moor To Maggie (4)"
8.00000;17.00000;83
