8.00000;535;25990;0;1;"Boys Of Ballisodare, The (4)"
25.00000;5702;5702;0;0;"Longnancy's (1)"
26.00000;485;485;0;0;"Bothar Na Sop (4)"
26.00000;4729;4729;0;0;"Swing Swang (4)"
27.00000;1260;1260;0;0;"Jack Broke Da Prison Door (4)"
27.00000;1277;14590;0;0;"Lord Ramsey (4)"
27.00000;1729;1729;0;0;"Noon Lassies, The (4)"
27.00000;661;661;0;0;"Swaggering Jig, The (6)"
28.00000;789;13925;0;0;"Primrose Lasses, The (4)"
28.00000;11573;11573;0;0;"Sally May Melia (4)"
8.00000;25.00000;85
