10.00000;410;410;0;1;"Old Copperplate, The (4)"
23.00000;432;432;0;0;"Maid Of Mount Kisco, The (4)"
23.00000;8100;8100;0;0;"Old Station House, The (4)"
23.00000;217;12898;0;0;"Orphan, The (1)"
24.00000;4607;4607;0;0;"Alex Campbell's (4)"
24.00000;127;127;0;0;"Darby The Driver (1)"
24.00000;126;12730;0;0;"Dick Harmon's (4)"
24.00000;803;24321;0;0;"I Ne'er Shall Wean Her (1)"
24.00000;3264;3264;0;0;"My Tocher's The Jewel (1)"
24.00000;1807;15247;0;0;"Rainy Day, The (4)"
10.00000;23.00000;86
