5.00000;45;33201;0;1;"Humours Of Glendart, The (1)"
23.00000;6130;25112;0;0;"Johnny Henry's (1)"
23.00000;682;13730;0;0;"Master McDermott's (4)"
24.00000;1527;32414;0;0;"Bill The Weaver's (5)"
24.00000;4774;17251;0;0;"Croppies' March, The (3)"
24.00000;4545;4545;0;0;"Donald McLennan's Exercise (6)"
24.00000;17095;32696;0;0;"Moving On Moving Off (1)"
24.00000;13051;22443;0;0;"Old, The (1)"
24.00000;818;13968;0;0;"Wallop The Spot (1)"
24.00000;12584;21157;0;0;"Y Lancers (1)"
5.00000;23.00000;76
