21.00000;98;98;0;1;"Sally Gardens, The (4)"
22.00000;8644;8644;7;0;"Das Flugelhorn (7)"
22.00000;9093;9093;0;0;"Drunken Hussar, The (1)"
22.00000;1181;1181;2;0;"Glasgow City Police Pipers (1)"
23.00000;17726;34317;0;0;"23 (2)"
23.00000;3993;32179;2;0;"Banjo Breakdown (1)"
23.00000;4584;4584;2;0;"Gan Aim (1)"
23.00000;255;30130;7;0;"Jean's (4)"
23.00000;346;13148;7;0;"Music For A Found Harmonium (4)"
23.00000;2386;2386;0;0;"Ravelled Hank Of Yarn, The (4)"
21.00000;22.00000;90
