5.00000;62;12506;0;1;"Lark In The Morning, The (1)"
22.00000;10594;10594;0;0;"Slide Dubh (5)"
23.00000;775;13901;0;0;"Banks Of Lough Gowna, The (1)"
23.00000;11074;11074;0;0;"Goat's Horns, The (1)"
23.00000;15896;29900;0;0;"Happy Clap, The (1)"
23.00000;9023;9023;0;0;"Humours Of Glynn, The (1)"
23.00000;6130;6130;0;0;"Johnny Henry's (1)"
23.00000;1593;1593;0;0;"Mick O'Connor's (4)"
23.00000;1902;1902;0;0;"Muireann's (1)"
23.00000;1732;6063;0;0;"Old Joe's (1)"
5.00000;22.00000;75
