22.00000;5;12354;0;1;"Blarney Pilgrim, The (1)"
23.00000;210;2415;0;0;"Humours Of Ballyloughlin, The (1)"
26.00000;16489;32498;0;0;"Roy's Hands (7)"
27.00000;16119;30382;0;0;"Errigal Braes (4)"
27.00000;7205;18746;0;0;"Gallopede, The (2)"
27.00000;13031;22405;0;0;"Yn Bollan Bane (1)"
28.00000;4570;4570;0;0;"A Short Journey (1)"
28.00000;7543;19014;0;0;"A Trip To Highgate (1)"
28.00000;3176;3176;0;0;"Bath Carnival (1)"
28.00000;10889;33501;0;0;"Dawn's Mandolin (4)"
28.00000;13524;23894;0;0;"Decision, The (1)"
28.00000;7782;19123;0;0;"Looby Light (6)"
28.00000;435;435;0;0;"Manus Lunny's Terracotta Plower Pop (1)"
28.00000;10980;21493;0;0;"Vidarvalsen (7)"
28.00000;12528;21034;0;0;"Wind The Bobbin Up (2)"
22.00000;23.00000;83
