18.00000;808;13959;0;1;"Cook In The Kitchen, The (1)"
22.00000;17609;33896;0;0;"Musical Doctor, The (1)"
24.00000;23;25997;0;0;"Dingle Regatta, The (5)"
24.00000;826;826;0;0;"Lisheen, The (5)"
24.00000;4396;4396;0;0;"Marianna's (7)"
24.00000;12590;21176;0;0;"Torth O Fara (1)"
25.00000;2136;31294;0;0;"Allistrum's March (1)"
25.00000;6764;6764;0;0;"Ballintore, The (5)"
25.00000;16770;31943;0;0;"Clap Your Hands (3)"
25.00000;12585;21158;0;0;"Doncaster Races (1)"
25.00000;2816;16020;0;0;"Doonagore (4)"
25.00000;3369;3369;0;0;"Lilting Fisherman, The (1)"
25.00000;7345;18871;0;0;"Our House At Home (4)"
25.00000;7345;7345;0;0;"Our House At Home (4)"
25.00000;2216;2216;0;0;"Sprig Of Shillelagh, The (3)"
25.00000;693;29751;0;0;"Strop The Razor (1)"
18.00000;22.00000;79
