10.00000;60;60;0;1;"Lilting Banshee, The (1)"
18.00000;6734;6734;0;0;"Glencar, The (4)"
19.00000;17708;34273;0;0;"Anon (5)"
19.00000;8508;19543;0;0;"Cis Ni Liathain (5)"
19.00000;12394;20662;0;0;"Jamie Rae (1)"
19.00000;109;12687;0;0;"Tenpenny Bit, The (1)"
20.00000;4339;24794;0;0;"Jackson's Coagy (1)"
20.00000;256;30254;0;0;"Mist On The Mountain, The (1)"
20.00000;84;5846;0;0;"Rakes Of Kildare, The (1)"
20.00000;10428;10428;0;0;"Rolling Down The Hills (1)"
10.00000;18.00000;72
