18.00000;820;26033;0;1;"Butlers Of Glen Avenue, The (1)"
19.00000;91;12630;0;0;"Roaring Barmaid, The (1)"
21.00000;507;13431;0;0;"Lord McDonald's (4)"
22.00000;5593;17634;0;0;"Lord MacDonald (4)"
23.00000;1385;14746;0;0;"Duke Of Leinster, The (4)"
24.00000;1498;1498;0;0;"Aughacashel, The (4)"
24.00000;1849;15280;0;0;"Baltimore Salute, The (4)"
24.00000;485;485;0;0;"Bothar Na Sop (4)"
24.00000;969;24008;0;0;"Buckley's Fancy (4)"
24.00000;2429;2429;0;0;"Copland's (2)"
24.00000;7241;7241;0;0;"Cutty Sark (4)"
24.00000;12926;22144;0;0;"Fox Chase, The (1)"
24.00000;12926;22367;0;0;"Fox Chase, The (1)"
24.00000;613;13627;0;0;"Galway, The (4)"
24.00000;3229;3229;0;0;"Gan Ainm (4)"
24.00000;1879;1879;0;0;"Glentown, The (4)"
24.00000;8271;8271;0;0;"Lasses Of Ballintra, The (4)"
24.00000;1290;1290;0;0;"Mama's Pet (4)"
24.00000;1397;14764;0;0;"Miss McGuinness (4)"
24.00000;16897;32185;0;0;"Morelli's Lesson (4)"
24.00000;14171;25720;0;0;"Mountain Dew, The (4)"
24.00000;346;27169;0;0;"Music For A Found Harmonium (4)"
24.00000;346;27174;0;0;"Music For A Found Harmonium (4)"
24.00000;15509;29061;0;0;"Slievman's (0)"
24.00000;14223;25849;0;0;"Willie Taylor's Fiddle (4)"
18.00000;19.00000;78
