16.00000;3369;3369;0;1;"Lilting Fisherman, The (1)"
19.00000;7463;7463;0;0;"Wind Chimes And Nursery Rhymes (7)"
20.00000;440;13303;0;0;"Tommy Coen's (4)"
21.00000;17726;34317;0;0;"23 (2)"
21.00000;6788;26196;0;0;"All Those Endearing Young Charms (7)"
21.00000;195;12851;0;0;"Flogging, The (4)"
21.00000;2995;2995;0;0;"Out With The Boys (1)"
21.00000;15221;28307;0;0;"Prayer Of Long Resolve (7)"
22.00000;9093;9093;0;0;"Drunken Hussar, The (1)"
22.00000;1176;1176;0;0;"Miss Bennet's (1)"
22.00000;6946;22054;0;0;"Wattentaler, The (7)"
16.00000;19.00000;72
