9.00000;2;12344;0;1;"Bucks Of Oranmore, The (4)"
13.00000;2080;29784;0;0;"Bonaparte's Retreat (4)"
14.00000;8637;8637;0;0;"Alpine Horn, The (4)"
14.00000;16094;30338;0;0;"Hound And The Hare, The (1)"
14.00000;7382;7382;0;0;"Kandel's Hora (7)"
14.00000;8085;19298;0;0;"Leaving Uist (7)"
14.00000;11021;11021;0;0;"Melted Kettle, The (4)"
14.00000;17118;32744;0;0;"Morven (1)"
14.00000;10614;20436;0;0;"Rough As A Badger's (4)"
14.00000;3248;3248;0;0;"Tornado Two Step, The (4)"
9.00000;13.00000;80
