9.00000;351;351;0;1;"Hag With The Money, The (1)"
22.00000;2259;30655;5;0;"Legacy, The (1)"
23.00000;8968;33146;9;0;"Fosgail An Dorus (1)"
24.00000;775;13902;0;0;"Banks Of Lough Gowna, The (1)"
24.00000;16711;31810;9;0;"Open Door, The (1)"
24.00000;870;28375;0;0;"Spórt (1)"
25.00000;1536;31273;0;0;"Baby Rory's (6)"
25.00000;15376;28730;0;0;"Bacon And Potatoes (1)"
25.00000;6298;26551;2;0;"Over The Water To Charlie (1)"
25.00000;280;32364;7;0;"Seanamhac Tube Station (1)"
9.00000;22.00000;74
