16.00000;181;12829;0;1;"Fisherman's Island, The (4)"
22.00000;16311;30886;0;0;"Creel Of Turf, The (4)"
23.00000;401;26368;0;0;"Gander In The Pratie Hole, The (1)"
23.00000;2706;15940;0;0;"New Mown Meadows, The (4)"
23.00000;90;25422;0;0;"O'Rourke's (4)"
23.00000;6945;18531;0;0;"Weaver And His Wife, The (5)"
24.00000;8203;8203;0;0;"Anvil, The (4)"
24.00000;2964;2964;0;0;"Aughamore, The (4)"
24.00000;6615;6615;0;0;"Behind The Ditch In Pairc Anna (0)"
24.00000;14001;25342;0;0;"Billy Pigg's (0)"
24.00000;12770;30947;0;0;"Bunclody (7)"
24.00000;373;13194;0;0;"Connie The Soldier (1)"
24.00000;373;13191;0;0;"Connie The Soldier (1)"
24.00000;15133;28055;0;0;"Foliada De Campelo (7)"
24.00000;3382;29196;0;0;"Johnny Boyle's (1)"
24.00000;603;30342;0;0;"Kitchen Girl, The (4)"
24.00000;1843;27701;0;0;"Kitty's Rambles (1)"
24.00000;5768;5768;0;0;"Lake Shore, The (1)"
24.00000;7041;18634;0;0;"Macedonian Oro (4)"
24.00000;6323;18083;0;0;"Mash-Tub March, The (7)"
24.00000;2366;2366;0;0;"North Highland Country Dance (1)"
24.00000;8027;19257;0;0;"O Steer Her Up, An Haud Her Gaun (3)"
24.00000;1402;26255;0;0;"Paddy Fahey's (4)"
24.00000;9004;9004;0;0;"Pasucais De La Villa (1)"
24.00000;10039;20171;0;0;"Planxty Burke (7)"
24.00000;17408;33401;0;0;"Reel De Roberval (4)"
24.00000;10047;29544;0;0;"Reunion, The (1)"
24.00000;4037;31216;0;0;"Roly Gentle (7)"
24.00000;10518;25036;0;0;"Sergeant Early's (1)"
24.00000;1747;15183;0;0;"Snug In The Blanket (1)"
24.00000;1747;15184;0;0;"Snug In The Blanket (1)"
24.00000;1747;25390;0;0;"Snug In The Blanket (1)"
24.00000;15279;28452;0;0;"Soldiers Of France (3)"
24.00000;6622;6622;0;0;"Turtledove, The (4)"
24.00000;17119;32746;0;0;"Walnut, The (2)"
24.00000;2377;2377;0;0;"Where Is The Cat? (5)"
16.00000;22.00000;93
