14.00000;1339;1339;0;1;"Reel Of Mullinavat, The (4)"
25.00000;5405;17570;0;0;"Chapel Bell, The (1)"
25.00000;2215;2215;0;0;"Handsome Sally (4)"
25.00000;780;21241;0;0;"Ingonish (1)"
25.00000;1511;1511;0;0;"Meelick Team, The (1)"
26.00000;414;15458;0;0;"Bohola, The (1)"
26.00000;2487;2487;0;0;"Indian Summer (1)"
26.00000;6457;18172;0;0;"Kickin' Up The Devil On A Holiday (4)"
26.00000;1105;31707;0;0;"Phoenix, The (4)"
26.00000;6009;6009;0;0;"Pibroch Of Donald Dhu (1)"
26.00000;11208;11208;0;0;"Piobaireachd (7)"
26.00000;12624;21238;0;0;"Planxty Dermot Grogan (1)"
26.00000;263;28063;0;0;"Porthole Of The Kelp, The (4)"
26.00000;16530;31390;0;0;"Reel 97 (4)"
26.00000;7549;7549;0;0;"Tumbledown (1)"
26.00000;3257;3257;0;0;"Up Leitrim (1)"
26.00000;15121;28040;0;0;"Weary We've Been (4)"
14.00000;25.00000;86
