9.00000;629;629;0;1;"Bird In The Bush, The (4)"
17.00000;7342;7342;0;0;"Da Auld Swaara Jupie (2)"
18.00000;6850;18434;0;0;"British Grenadiers' March (3)"
18.00000;17389;33361;0;0;"Dad's (3)"
18.00000;5951;17848;0;0;"Mary O'Neill's Fancy (4)"
19.00000;5203;32453;0;0;"An Chúilfhionn March (3)"
19.00000;7457;7457;0;0;"Ballinderry Barn Party (4)"
19.00000;1035;14263;0;0;"Boys Of The Town, The (1)"
19.00000;8140;19337;0;0;"Bugle Horn, The (3)"
19.00000;2764;2764;0;0;"Caucus, The (4)"
19.00000;6400;6400;0;0;"Clement Sweeney's (4)"
19.00000;3543;3543;0;0;"Deer's March, The (4)"
19.00000;9975;9975;0;0;"Doon Da Rooth (1)"
19.00000;9975;27122;0;0;"Doon Da Rooth (1)"
19.00000;5812;5812;0;0;"Erika Damiani's (1)"
19.00000;4847;4847;0;0;"Feathers In The Stew (0)"
19.00000;634;28226;0;0;"Galway Rambler, The (4)"
19.00000;15782;29691;0;0;"George Christie Of Fochabers (7)"
19.00000;9146;9146;0;0;"Hundred Pipers March, The (2)"
19.00000;2713;2713;0;0;"Jig Of Stops, The (1)"
19.00000;17230;33020;0;0;"John Brown's March (4)"
19.00000;3450;3450;0;0;"Lochailort Fiddlers (4)"
19.00000;9520;29753;0;0;"Monvara Bridge (3)"
19.00000;2752;2752;0;0;"Rambling Cat, The (4)"
19.00000;2752;30864;0;0;"Rambling Cat, The (4)"
19.00000;10858;28354;0;0;"Sally Ann's (4)"
19.00000;440;13303;0;0;"Tommy Coen's (4)"
9.00000;17.00000;79
