6.00000;1075;1075;7;1;"Britches Full Of Stitches, The (3)"
19.00000;16300;30866;0;0;"Polka John (3)"
19.00000;583;21615;7;0;"Rattlin' Bog, The (3)"
20.00000;39;12452;0;0;"Kerry, The (3)"
20.00000;10250;10250;2;0;"Prelude (3)"
21.00000;3228;3228;0;0;"Blackwater, The (3)"
21.00000;15478;28985;2;0;"For The Young (3)"
21.00000;4296;4296;0;0;"Little Diamond, The (3)"
21.00000;5952;17851;0;0;"Martin O'Connor's (3)"
21.00000;6631;6631;0;0;"Meg Fogarty's (3)"
6.00000;19.00000;55
