10.00000;19;32866;0;1;"Connaughtman's Rambles, The (1)"
17.00000;8344;23185;5;0;"Bold Doherty (1)"
17.00000;992;14197;3;0;"Fraher's (1)"
17.00000;3058;21461;0;0;"Short Grass, The (1)"
17.00000;134;134;5;0;"Strayaway Child, The (1)"
18.00000;10963;10963;1;0;"A Day In Sligo (1)"
18.00000;8644;8644;0;0;"Das Flugelhorn (7)"
18.00000;12110;12110;5;0;"John Joe Harnett's (5)"
18.00000;5886;5886;0;0;"Sleeping Dog, The (1)"
18.00000;656;33587;5;0;"Timmy Clifford's (1)"
10.00000;17.00000;76
