8.00000;765;28463;0;1;"Sailor On The Rock, The (4)"
17.00000;1148;25020;5;0;"Drag Her Round The Road (4)"
18.00000;924;924;5;0;"Connor Bones (4)"
19.00000;6413;18136;7;0;"Bishop, The (3)"
19.00000;8575;19564;7;0;"David Adams (4)"
19.00000;501;13418;0;0;"Fox On The Prowl, The (4)"
19.00000;3431;16474;0;0;"Kilfenora (4)"
19.00000;1174;30802;5;0;"King Of The Clans (4)"
19.00000;3983;3983;0;0;"Lively Wagtail, The (4)"
19.00000;68;24722;0;0;"Mountain Road, The (4)"
8.00000;17.00000;84
