14.00000;587;588;0;1;"Whistling Postman, The (1)"
18.00000;5812;5812;0;0;"Erika Damiani's (1)"
18.00000;3069;3069;0;0;"School Reels (4)"
19.00000;28;12418;0;0;"Dusty Miller, The (6)"
19.00000;87;22636;0;0;"Rolling In The Ryegrass (4)"
19.00000;3573;16599;0;0;"Shepherd's Hey (4)"
19.00000;4224;4224;0;0;"Shields Fair (0)"
19.00000;14465;26593;0;0;"Thaidhg A Rún (4)"
20.00000;6208;6208;0;0;"Bellangare Races, The (1)"
20.00000;6632;25487;0;0;"Clumsy Lover Jig, The (1)"
20.00000;10320;10320;0;0;"Earl Of Thomond, The (2)"
20.00000;3230;16306;0;0;"Joe Bane's (3)"
20.00000;3230;8221;0;0;"Joe Bane's (3)"
20.00000;8629;19578;0;0;"Once I Caught A Fish Alive (3)"
20.00000;8629;19579;0;0;"Once I Caught A Fish Alive (3)"
20.00000;10253;10253;0;0;"Pi, The (7)"
14.00000;18.00000;62
