20.00000;695;32827;0;1;"Green Fields Of America, The (4)"
24.00000;13624;24146;0;0;"Irene Anderson's (2)"
27.00000;4223;4223;0;0;"An Dro D'Elven (2)"
28.00000;9327;9327;0;0;"Gloucester, The (0)"
29.00000;7108;7108;0;0;"Biddy Barry's (2)"
29.00000;10559;10559;0;0;"Buttered Pease (2)"
29.00000;7205;22012;0;0;"Gallopede, The (2)"
29.00000;14261;25980;0;0;"One For Dan (4)"
29.00000;6433;18151;0;0;"Peerie Hoose Ahint Da Burn (4)"
29.00000;15692;29472;0;0;"Trondheimsfjorden (4)"
20.00000;24.00000;98
