5.00000;23;23;0;1;"Dingle Regatta, The (5)"
10.00000;2984;2984;0;0;"An Chearc Ar Fad Is An Anairthe (5)"
11.00000;8752;8752;0;0;"Bishop, The (1)"
13.00000;16929;32264;0;0;"Harmonica, The (1)"
13.00000;3735;32395;0;0;"John Leary's (5)"
14.00000;10855;10855;0;0;"Spring In The Bog (5)"
14.00000;1085;1085;0;0;"Tommy Bhetty's (7)"
15.00000;5322;17525;0;0;"Boolavogue (7)"
15.00000;526;526;0;0;"I'm Sleeping And Don't Wake Me (1)"
15.00000;7931;7931;0;0;"Reel O'Whirlie (4)"
5.00000;10.00000;73
