8.00000;1428;27991;0;1;"Humours Of Ballyconnell, The (4)"
16.00000;12996;31164;0;0;"Denis Murphy's (4)"
18.00000;9105;23732;0;0;"A Dram At The Wake (3)"
18.00000;9333;9333;0;0;"Bold Deserter, The (2)"
18.00000;9334;9334;0;0;"Bold Deserter, The (4)"
18.00000;1400;27939;0;0;"Captain Byng (4)"
18.00000;558;558;0;0;"Coen's Memories (4)"
18.00000;310;23628;0;0;"Home Ruler, The (0)"
18.00000;7770;7770;0;0;"Open House (3)"
18.00000;1123;1123;0;0;"Rose Tree, The (3)"
8.00000;16.00000;84
