7.00000;3369;3369;0;1;"Lilting Fisherman, The (1)"
13.00000;11543;21125;0;0;"Alla Lopper (7)"
13.00000;1334;33979;0;0;"Luck Penny, The (1)"
13.00000;12215;12215;0;0;"Rolling Off The Log (1)"
14.00000;8560;8560;0;0;"A Trip To The Lakes (1)"
14.00000;436;436;0;0;"Ballyoran, The (0)"
14.00000;5091;5091;0;0;"Ballyoran, The (0)"
14.00000;4785;28207;0;0;"Biddy The Bold (1)"
14.00000;285;285;0;0;"First Night In America, The (1)"
14.00000;4257;4257;0;0;"Tantan's (1)"
7.00000;13.00000;75
