8.00000;769;13890;0;1;"Belles Of Tipperary, The (4)"
17.00000;754;13862;0;0;"Bonnie Kate (4)"
19.00000;4524;17117;5;0;"Dowser's Favorite (4)"
19.00000;14673;27077;0;0;"Lastringe Storpolska (7)"
20.00000;14312;26159;0;0;"Dorchester, The (0)"
20.00000;12692;21435;0;0;"Dorsetshire, The (0)"
20.00000;12699;28678;0;0;"Mike's Ride (4)"
21.00000;11439;11439;5;0;"Barr Road, The (4)"
21.00000;13587;24081;5;0;"Little Red House In Cardiff (4)"
21.00000;12434;20751;5;0;"Monmouth (0)"
8.00000;17.00000;85
