7.00000;634;634;0;1;"Galway Rambler, The (4)"
11.00000;3332;16401;0;0;"Finlay's Delight (4)"
11.00000;16480;31255;5;0;"Through The Trade (4)"
14.00000;2209;2209;7;0;"John Watt Henry's (4)"
16.00000;16995;32446;7;0;"Byrns March (4)"
16.00000;11445;11445;2;0;"Fionn's (4)"
16.00000;14292;26100;0;0;"Grimstock (1)"
16.00000;10857;10857;7;0;"Lament For Oliver Goldsmith (7)"
16.00000;7469;7469;2;0;"Mike In The Wilderness (2)"
16.00000;3147;16257;0;0;"Turnpike Gate, The (4)"
7.00000;11.00000;78
