15.00000;769;13891;0;1;"Belles Of Tipperary, The (4)"
19.00000;2212;2212;0;0;"John Naughton's (4)"
20.00000;10200;10200;0;0;"Blackjack Grove (4)"
20.00000;290;290;7;0;"Hogties (4)"
20.00000;2622;15877;0;0;"Naughton's (4)"
20.00000;972;972;7;0;"New Irish (2)"
21.00000;7288;26140;7;0;"Astley's Ride (3)"
21.00000;12561;24258;0;0;"Soldier's Joy (4)"
21.00000;1509;1509;0;0;"Strawberry Blossom, The (4)"
21.00000;12095;12095;0;0;"Ymdaith Rhosgadfan (3)"
15.00000;19.00000;90
