14.00000;769;13892;0;1;"Belles Of Tipperary, The (4)"
23.00000;10200;10200;0;0;"Blackjack Grove (4)"
23.00000;7043;24019;2;0;"Hangman's (4)"
23.00000;2212;2212;0;0;"John Naughton's (4)"
23.00000;2622;15877;0;0;"Naughton's (4)"
23.00000;8231;31323;0;0;"Willie Clancy's (4)"
24.00000;1446;14830;0;0;"Eel In The Sink, The (4)"
24.00000;10452;20384;0;0;"Glorious 13th, The (4)"
24.00000;290;290;7;0;"Hogties (4)"
24.00000;182;12832;0;0;"Silver Spear, The (4)"
14.00000;23.00000;97
