5.00000;548;22982;0;1;"Scotsman Over The Border, The (1)"
15.00000;9685;9685;0;0;"Barney's Balmoral (4)"
15.00000;771;771;0;0;"Carraroe, The (1)"
16.00000;11786;23320;0;0;"Alexander MacAskill Of Bernera, Harris (1)"
16.00000;4858;17295;0;0;"Caher Rua (4)"
16.00000;2686;25238;0;0;"Hull's (4)"
16.00000;1155;1155;0;0;"John Stenson's (4)"
16.00000;68;24722;0;0;"Mountain Road, The (4)"
16.00000;16779;31961;0;0;"Padraig O'Keefe's (5)"
16.00000;5765;5765;0;0;"Sean McGrattan (4)"
5.00000;15.00000;69
