12.00000;887;887;0;1;"New Copperplate, The (4)"
16.00000;86;22967;5;0;"Rakish Paddy (4)"
19.00000;8513;8513;0;0;"Joe Hutton's March (2)"
20.00000;423;28854;0;0;"Mouth Of The Tobique, The (4)"
21.00000;12162;12162;2;0;"Anne McQuarrie's (4)"
21.00000;3361;3361;0;0;"Elaine Mahoney's (4)"
21.00000;2411;4768;5;0;"Miss Johnson (4)"
21.00000;75;29406;0;0;"Miss McLeod's (4)"
21.00000;5646;5646;5;0;"Peter O'Leary's (4)"
21.00000;8171;19364;2;0;"White Leaf, The (4)"
12.00000;16.00000;100
