7.74279;5;25593;0;1;"Blarney Pilgrim, The (1)"
19.00503;7353;30411;2;0;"Donald McLean Of Lewis (1)"
19.00503;4934;4934;7;0;"Lieve's (1)"
19.00503;3842;16768;5;0;"Lisnagun, The (1)"
19.00503;6316;18078;5;0;"Lisnagun, The (1)"
19.00503;3418;34178;0;0;"My Former Wife (1)"
19.70892;9384;9384;7;0;"A Blur Of Heather (1)"
19.70892;3110;3110;0;0;"Helvic Head (1)"
20.41281;4164;4164;0;0;"Morrison's Favourite (1)"
20.41281;5797;17738;0;0;"Mulvihill's (1)"
7.74279;19.00503;76
