5.66400;587;588;0;1;"Whistling Postman, The (1)"
16.28401;448;977;7;0;"Frost Is All Over, The (1)"
17.70001;5812;5812;0;0;"Erika Damiani's (1)"
17.70001;5197;5197;7;0;"Paddy McMahon's (1)"
17.70001;2025;2025;7;0;"Wandering Minstrel, The (1)"
18.40801;228;12918;0;0;"Coppers And Brass (1)"
18.40801;5960;5960;0;0;"Jig Of Port Fleadh, The (1)"
18.40801;2383;2383;2;0;"Johnny Leary's (1)"
18.40801;11400;28150;0;0;"Miss Grace Hay's (1)"
18.40801;3485;3485;7;0;"Sully's (1)"
5.66400;16.28401;66
