13.14491;1398;1398;0;1;"Star Above The Garter, The (5)"
19.47233;5375;5375;0;0;"Gort Na Mona (1)"
20.98851;12457;20810;2;0;"Chain (3)"
21.63094;8656;8656;7;0;"Da Blue Yowe (4)"
21.63094;12531;21040;7;0;"Grant's (4)"
21.98796;7279;7279;7;0;"Taylor's Quickstep (3)"
22.39318;2788;4501;0;0;"Bill Harte's (1)"
22.61416;12579;21137;9;0;"Farley Bridge, The (4)"
22.61416;9134;19917;7;0;"String Trader, The (4)"
22.61416;999;14209;7;0;"West Clare (4)"
13.14491;19.47233;63
