9.82055;634;634;0;1;"Galway Rambler, The (4)"
21.60520;535;535;0;0;"Boys Of Ballisodare, The (4)"
23.47860;12763;21611;10;0;"Belle Mere's (7)"
23.56931;3332;16401;0;0;"Finlay's Delight (4)"
23.56931;9708;9708;0;0;"Leg In The Ditch, The (4)"
23.56931;1625;1625;0;0;"Lucky In Love (4)"
23.56931;850;24812;7;0;"Smoky Bar, The (4)"
24.41774;13491;28757;0;0;"Orange In Bloom (7)"
24.41774;8724;8724;2;0;"When The Battle Is Over (7)"
24.41774;8394;8394;0;0;"Wired To The Moon (7)"
9.82055;21.60520;89
