2.74459;517;32671;0;1;"Pigeon On The Gate, The (4)"
4.11688;4312;17011;0;0;"Pigeon On The Gate, The (4)"
5.48918;1183;1183;0;0;"Cabin Hunter, The (4)"
5.83225;11348;33991;0;0;"Caribou, The (4)"
6.51840;9686;9686;0;0;"Sean Kelly (4)"
7.89069;1596;25647;3;0;"Old Pigeon On The Gate, The (4)"
7.89069;1651;30818;5;0;"Sergeant Early's Dream (4)"
8.57684;633;13658;5;0;"Saint Ruth's Bush (4)"
9.26299;13217;22954;0;0;"Bridget Flynn's (4)"
9.26299;479;479;5;0;"Corner House, The (4)"
2.74459;4.11688;88
