4.04680;517;32671;0;1;"Pigeon On The Gate, The (4)"
9.30763;4312;17011;0;0;"Pigeon On The Gate, The (4)"
10.52167;8512;8512;10;0;"Bog Man, The (4)"
10.52167;2738;10171;5;0;"Ginley's (4)"
10.92635;8657;8657;5;0;"Belhavel Lough (4)"
10.92635;363;363;0;0;"Drunken Landlady, The (4)"
10.92635;921;14109;5;0;"Knotted Cord, The (4)"
10.92635;3589;3589;3;0;"Pretty Pepper (4)"
10.92635;9686;9686;0;0;"Sean Kelly (4)"
10.92635;711;20956;0;0;"Tap Room, The (4)"
4.04680;9.30763;83
