6.39893;1787;15232;0;1;"Trip To Birmingham, The (4)"
12.34080;10801;20501;0;0;"Temple In The Glen, The (4)"
12.79787;2273;15641;0;0;"London Lasses (4)"
12.79787;2232;15600;0;0;"Ronnie Cooper (4)"
12.79787;2958;2958;0;0;"Rookery, The (4)"
13.25494;969;14166;0;0;"Buckley's Fancy (4)"
13.25494;9808;9808;7;0;"Bus To Mullahoran, The (4)"
13.25494;8149;8149;2;0;"George Booker (4)"
13.25494;12416;20700;7;0;"Maid Amongst The Roses (4)"
13.25494;440;440;0;0;"Tommy Coen's (4)"
6.39893;12.34080;88
