16.76665;52;52;0;1;"Kid On The Mountain, The (6)"
25.13147;329;30201;0;0;"John Walsh's (3)"
25.13147;6923;30202;0;0;"John Walsh's (3)"
25.93469;2241;15609;7;0;"Milky Way, The (4)"
25.93469;10909;10909;7;0;"Sven's (4)"
26.09807;14029;25426;7;0;"John And Julia Clifford's (3)"
26.09807;39;12454;0;0;"Kerry, The (3)"
26.93217;17413;33416;10;0;"Reel De La Main Blanche (4)"
27.43031;9071;29444;0;0;"Gypsy, The (0)"
27.43031;15268;28437;0;0;"Kilkenny Station (0)"
16.76665;25.13147;80
