10.26583;64;64;0;1;"Maid Behind The Bar, The (4)"
14.21422;166;33664;0;0;"Green Mountain, The (4)"
18.16262;15138;28068;0;0;"Dave MacNeil's (4)"
21.32134;806;806;5;0;"Flagstone Of Memories (4)"
22.11102;478;478;5;0;"Cronin's (0)"
23.05744;12646;21281;0;0;"Bar Behind The Maid, The (1)"
23.69037;581;22639;0;0;"Graf Spee, The (4)"
23.69037;7599;7599;7;0;"John Keith Lang (4)"
24.48005;1040;23271;0;0;"Sheila Coyle's (4)"
24.48005;15264;28625;0;0;"Shooting Star, The (4)"
10.26583;14.21422;85
