3.61854;19;12394;0;1;"Connaughtman's Rambles, The (1)"
7.79377;134;134;5;0;"Strayaway Child, The (1)"
8.62882;8344;8344;5;0;"Bold Doherty (1)"
8.62882;16569;31461;8;0;"Cold And Raw (1)"
8.62882;53;12490;0;0;"O'Keeffe's (5)"
8.90717;15;31099;0;0;"Calliope House (1)"
8.90717;185;185;10;0;"Dinny Delaney's (5)"
8.90717;3085;3085;0;0;"Dundee City Police Pipe Band (1)"
8.90717;16856;32115;10;0;"Hunt The Cat (1)"
8.90717;5232;27119;0;0;"Widow Brady, The (1)"
3.61854;7.79377;76
