2.76172;62;22285;10;1;"Lark In The Morning, The (1)"
8.28517;4373;4373;5;0;"Padraig O 'Keeffe's (1)"
9.20575;775;13901;0;0;"Banks Of Lough Gowna, The (1)"
9.66603;4047;16867;10;0;"Liam O'Connors (1)"
10.12632;5081;5081;5;0;"April's Fool (1)"
10.12632;3006;26048;7;0;"Caherlistrane (1)"
10.12632;9023;9023;0;0;"Humours Of Glynn, The (1)"
10.12632;70;12536;5;0;"Merrily Kissed The Quaker (5)"
10.12632;1629;32493;7;0;"Thadelo's (5)"
10.12632;1433;1433;5;0;"Tommy Mulhaire's (1)"
2.76172;8.28517;77
