3.72321;62;22285;10;1;"Lark In The Morning, The (1)"
6.87361;17164;32890;0;0;"Galway Tom (1)"
7.16001;7458;12291;5;0;"Life Is All Chequered (1)"
7.44642;1076;14306;5;0;"Black Rogue, The (1)"
8.01922;8879;8879;7;0;"Back Hill, The (1)"
8.01922;10445;20727;3;0;"Delight Of The Men Of Dovey, The (1)"
8.01922;793;29983;5;0;"Jimmy Ward's (1)"
8.01922;2831;16044;0;0;"Morgan Rattler (1)"
8.01922;10642;10642;5;0;"Oak Stick, The (1)"
8.01922;2680;2680;5;0;"Price Of My Pig, The (1)"
3.72321;6.87361;82
