5.70171;5463;5463;0;0;"Pride Of Leinster, The (1)"
5.70171;261;12999;0;1;"Ships In Full Sail, The (1)"
6.10898;735;735;0;0;"Going To Donnybrook (1)"
8.55257;362;25104;0;0;"Mouse In The Mug, The (1)"
8.95983;3395;16446;0;0;"Miss Walsh (1)"
9.36710;9448;9448;0;0;"Bucks Of Dublin, The (5)"
9.36710;843;14013;0;0;"Christy Barry's (1)"
9.77436;285;26019;0;0;"First Night In America, The (1)"
9.77436;7514;7514;0;0;"King, The (1)"
9.77436;8745;8745;0;0;"Shanahan's Rambles (1)"
5.70171;5.70171;81
