2.06704;151;151;0;1;"Tar Road To Sligo, The (1)"
11.36873;7828;7828;0;0;"Races At Carrick, The (1)"
12.40225;4887;4887;7;0;"Cahal's (1)"
12.40225;778;778;0;0;"Long Night, The (6)"
13.43577;6816;6816;0;0;"Gigue Des Touristes (1)"
13.95253;1494;1494;5;0;"Belle Gigue (1)"
13.95253;662;662;0;0;"Johnny Doherty's (1)"
13.95253;4711;4711;0;0;"King Billy's March (1)"
13.95253;2724;4704;10;0;"Mac's Fancy (1)"
13.95253;11877;11877;0;0;"Spotted Cow, The (1)"
2.06704;11.36873;73
