5.56216;410;410;0;1;"Old Copperplate, The (4)"
12.05134;7898;7898;2;0;"Gallow's Hill (4)"
12.51486;4607;4607;0;0;"Alex Campbell's (4)"
12.51486;16904;32197;2;0;"Gallows Hill (4)"
12.51486;14698;27116;2;0;"Return Of The Eagle, The (4)"
12.97837;11306;21376;0;0;"Bird's, The (0)"
12.97837;12612;24230;7;0;"Brook, The (4)"
12.97837;989;989;0;0;"Cloch Na Ceithre Mhile (4)"
12.97837;1059;1059;0;0;"Galtee, The (4)"
12.97837;700;700;5;0;"Seany Dorris (4)"
5.56216;12.05134;89
