7.53100;410;410;0;1;"Old Copperplate, The (4)"
12.70856;14477;26634;7;0;"Selkie At The Door (4)"
13.17925;7437;7437;7;0;"Kushka's (4)"
13.17925;2221;15588;7;0;"MacArthur Road (4)"
13.17925;8708;8708;10;0;"Sarty Party (4)"
13.64993;1406;1406;0;0;"Jimmy O'Reilly's (4)"
13.64993;432;28234;0;0;"Maid Of Mount Kisco, The (4)"
13.64993;3890;16797;0;0;"Mná Na HÉireann (2)"
13.64993;197;12856;0;0;"Star Of Munster, The (4)"
13.64993;10678;10678;2;0;"Taybank Shenanigans (4)"
7.53100;12.70856;92
