4.18793;820;26033;0;1;"Butlers Of Glen Avenue, The (1)"
4.18793;91;12630;0;0;"Roaring Barmaid, The (1)"
11.36725;843;21444;0;0;"Christy Barry's (1)"
13.16208;11833;11833;0;0;"Bernie Cunnion's Favourite (1)"
13.16208;4948;4948;0;0;"Brother Gildas' (1)"
13.16208;1077;31403;0;0;"Munster Buttermilk (1)"
13.76035;6755;6755;10;0;"Bessie Murphy (1)"
13.76035;8383;8383;0;0;"Gan Ainm (1)"
13.76035;865;15905;10;0;"Kevin McHugh's (1)"
13.76035;5867;17783;7;0;"Lark's March, The (1)"
4.18793;4.18793;73
