3.92225;769;13892;0;1;"Belles Of Tipperary, The (4)"
5.76802;891;28951;0;0;"Trip To Durrow, The (4)"
6.46018;682;682;0;0;"Master McDermott's (4)"
6.69090;11112;11112;7;0;"Billy's (4)"
6.69090;310;23628;0;0;"Home Ruler, The (0)"
6.69090;3414;26332;5;0;"Hurlock's (4)"
6.69090;12268;12268;5;0;"Sean's (4)"
6.92162;5998;17903;10;0;"Cronin's (4)"
6.92162;14947;27618;5;0;"Free Of C & F (4)"
6.92162;1846;15279;5;0;"Mossy Banks, The (4)"
3.92225;5.76802;87
