3.19799;1348;23501;0;1;"Boys Of Ballinahinch, The (4)"
5.16599;1509;24208;0;0;"Strawberry Blossom, The (4)"
7.62598;1432;14809;0;0;"Noisy Curlew, The (4)"
7.87198;240;22888;0;0;"Silver Spire, The (4)"
7.87198;9474;9474;5;0;"Tear The Calico (4)"
8.11798;1872;15309;0;0;"Billy Brocker's (4)"
8.11798;12802;27029;5;0;"Lisheen, The (4)"
8.11798;3873;3873;0;0;"Maids Of Ardnaree, The (4)"
8.11798;13531;23934;0;0;"Mill Stream, The (4)"
8.11798;4099;4099;0;0;"Outdoor Relief, The (4)"
3.19799;5.16599;85
