1.47178;517;32671;0;1;"Pigeon On The Gate, The (4)"
3.38510;4312;17011;0;0;"Pigeon On The Gate, The (4)"
3.82663;8512;8512;10;0;"Bog Man, The (4)"
3.82663;2738;10171;5;0;"Ginley's (4)"
3.97381;8657;8657;5;0;"Belhavel Lough (4)"
3.97381;363;363;0;0;"Drunken Landlady, The (4)"
3.97381;921;14109;5;0;"Knotted Cord, The (4)"
3.97381;3589;3589;3;0;"Pretty Pepper (4)"
3.97381;9686;9686;0;0;"Sean Kelly (4)"
3.97381;711;20956;0;0;"Tap Room, The (4)"
1.47178;3.38510;83
