7.48256;72;22729;0;1;"Merry Blacksmith, The (4)"
17.95815;6540;6540;0;0;"Paddy On The Railway (4)"
18.70640;486;486;0;0;"Mrs. Crotty's Christening (4)"
20.95117;3016;3016;0;0;"Calum's Road (2)"
21.69943;8;34206;5;0;"Banshee, The (4)"
21.69943;15138;28068;0;0;"Dave MacNeil's (4)"
21.69943;7649;7649;5;0;"Jaunty Warren, The (0)"
21.69943;10434;10434;5;0;"Mouth Organ, The (2)"
21.69943;5065;5065;0;0;"Thanks To Brian (0)"
21.69943;2638;26962;7;0;"Turkey In The Straw (4)"
7.48256;17.95815;84
