2.51000;181;32196;0;1;"Fisherman's Island, The (4)"
4.81083;3314;3314;0;0;"Palm Tree, The (4)"
4.81083;4966;17352;0;0;"Road To Corofin, The (4)"
4.81083;1777;1777;0;0;"Showman's Fancy, The (0)"
5.22917;3655;16661;0;0;"Centenary March, The (2)"
5.22917;424;24494;0;0;"Fairy Dance, The (4)"
5.22917;11314;23880;0;0;"Julia Clifford's (3)"
5.22917;1500;1500;0;0;"Liverpool, The (0)"
5.22917;1328;1328;0;0;"Sean McGlynn's (7)"
5.22917;1784;1784;0;0;"Sligo, The (4)"
2.51000;4.81083;90
