9.84845;8976;19808;0;1;"Whinny Hills Of Leitrim, The (6)"
13.63632;8049;19274;0;0;"Biddy From Limerick (6)"
14.39389;169;27607;0;0;"Gusty's Frolics (6)"
15.15147;13983;25293;0;0;"Yellow Legs (6)"
15.90904;9431;9431;0;0;"Polly Bishop's (6)"
15.90904;4042;16864;5;0;"Ride A Mile (6)"
16.66661;2743;2743;0;0;"Fairy, The (6)"
16.66661;9308;9308;0;0;"Fergie The Gamekeeper (1)"
16.66661;191;32400;7;0;"My Mind Will Never Be Easy (6)"
16.66661;532;13471;5;0;"Paddy Fahey's (1)"
9.84845;13.63632;76
