9.36346;5215;3446;0;1;"Gleanntan Frolics, The (5)"
17.47846;9725;9725;10;0;"My Bonnie Blue Eyed Lassie (1)"
17.47846;12365;20607;0;0;"Tam O'Shanter (1)"
18.72692;1430;1994;5;0;"Cat That Ate The Candle, The (1)"
18.72692;10319;10319;5;0;"Easter Snow (6)"
18.72692;16948;32332;5;0;"Gan Ainm (6)"
18.72692;2081;15469;7;0;"Gavotte (5)"
18.72692;8963;19796;7;0;"Old As The Hills (1)"
18.72692;832;13989;0;0;"Paddy Clancy's (1)"
18.72692;308;24194;5;0;"Tobin's Favourite (1)"
9.36346;17.47846;79
