6.33065;72;72;0;1;"Merry Blacksmith, The (4)"
21.70510;6540;6540;0;0;"Paddy On The Railway (4)"
28.94013;538;26679;0;0;"Devils Of Dublin (4)"
28.94013;322;322;0;0;"Green Fields Of Rossbeigh, The (4)"
29.84451;14335;26223;5;0;"Leitrim Lasses, The (4)"
29.84451;596;596;5;0;"Touch Me If You Dare (4)"
29.84451;8771;24319;0;0;"Yellow Barber (4)"
29.99190;414;2111;0;0;"Bohola, The (1)"
30.74889;16619;31606;0;0;"Kilfenora, The (4)"
30.74889;4149;16910;5;0;"Phyllis' Birthday (4)"
6.33065;21.70510;88
