13.53455;447;447;0;1;"Rose In The Heather, The (1)"
25.13559;2217;28534;0;0;"Dan Collins' Father's (1)"
26.10235;1854;15288;7;0;"Gillan's Apples (1)"
26.10235;12466;20825;0;0;"Green Blanket, The (1)"
26.10235;948;14140;0;0;"Kitty Lie Over (1)"
26.10235;13976;25269;7;0;"Sondheim's Frolics (1)"
27.06910;8281;8281;0;0;"Clare Shout, The (1)"
27.06910;15847;29815;7;0;"Gan Ainm (1)"
27.84493;11543;21125;5;0;"Alla Lopper (7)"
27.84493;7439;7439;7;0;"Okehampton Pipe Band, The (7)"
13.53455;25.13559;82
