3.54105;151;151;0;1;"Tar Road To Sligo, The (1)"
19.47579;7828;7828;0;0;"Races At Carrick, The (1)"
21.24632;4887;4887;7;0;"Cahal's (1)"
23.01685;6816;6816;0;0;"Gigue Des Touristes (1)"
23.66819;778;778;0;0;"Long Night, The (6)"
23.90211;1494;1494;5;0;"Belle Gigue (1)"
23.90211;662;662;0;0;"Johnny Doherty's (1)"
23.90211;4711;4711;0;0;"King Billy's March (1)"
23.90211;2724;4704;10;0;"Mac's Fancy (1)"
23.90211;11877;11877;0;0;"Spotted Cow, The (1)"
3.54105;19.47579;73
