13.56572;1398;1398;0;1;"Star Above The Garter, The (5)"
19.73440;5375;5375;0;0;"Gort Na Mona (1)"
20.99426;12457;20810;2;0;"Chain (3)"
21.81469;8656;8656;7;0;"Da Blue Yowe (4)"
21.81469;12531;21040;7;0;"Grant's (4)"
21.99398;7279;7279;7;0;"Taylor's Quickstep (3)"
22.69456;2788;4501;0;0;"Bill Harte's (1)"
22.80627;12579;21137;9;0;"Farley Bridge, The (4)"
22.80627;9134;19917;7;0;"String Trader, The (4)"
22.80627;999;14209;7;0;"West Clare (4)"
13.56572;19.73440;63
