0.98190;1398;1398;0;1;"Star Above The Garter, The (5)"
27.42735;16521;31399;0;0;"McShane's Rambles (1)"
28.40690;7990;7990;7;0;"Mary Ann Pierson's (1)"
30.62971;7748;19107;0;0;"Elizabeth Clare (7)"
30.62971;13880;24932;5;0;"Ghost, The (7)"
30.96933;12457;20810;2;0;"Chain (3)"
31.34554;5860;5860;7;0;"Hell On The Mountain (1)"
31.34554;6;1680;0;0;"This Is My Love, Do You Like Her? (1)"
32.32509;7967;7967;0;0;"Gan Ainm (1)"
32.49252;2620;2620;7;0;"Garech's Wedding (6)"
0.98190;27.42735;82
