12.27846;413;413;0;1;"Humours Of Drinagh, The (1)"
21.72343;1733;1733;0;0;"Farewell To Gurteen (1)"
23.61242;308;13073;0;0;"Tobin's Favourite (1)"
25.50142;13012;22372;0;0;"Castleblaney Piper, The (1)"
26.44592;809;25993;0;0;"Charlie Hunter (1)"
27.39041;4102;16889;0;0;"Billy Pigg's (1)"
27.39041;1000;14212;5;0;"Bridal, The (1)"
27.39041;8551;8551;5;0;"Joan's (1)"
27.39041;8963;19795;7;0;"Old As The Hills (1)"
27.94577;4224;16968;0;0;"Shields Fair (0)"
12.27846;21.72343;80
