11.22235;413;22993;0;1;"Humours Of Drinagh, The (1)"
23.37991;5695;5695;0;0;"Swallow's Nest, The (1)"
23.37991;1454;14843;5;0;"Wallop The Potlid (1)"
24.31510;1733;1733;0;0;"Farewell To Gurteen (1)"
24.31510;308;13073;0;0;"Tobin's Favourite (1)"
25.25030;16340;30951;5;0;"Beoga On Ice (1)"
25.25030;1076;14307;0;0;"Black Rogue, The (1)"
25.25030;809;25106;0;0;"Charlie Hunter (1)"
25.25030;2096;15489;5;0;"Chicago, The (1)"
25.25030;17132;32789;0;0;"Gan Ainm (1)"
11.22235;23.37991;77
