9.90987;634;634;0;1;"Galway Rambler, The (4)"
21.80171;535;535;0;0;"Boys Of Ballisodare, The (4)"
23.78368;3332;16401;0;0;"Finlay's Delight (4)"
23.78368;9708;9708;0;0;"Leg In The Ditch, The (4)"
23.78368;1625;1625;0;0;"Lucky In Love (4)"
23.78368;850;24812;7;0;"Smoky Bar, The (4)"
24.22736;12763;21611;10;0;"Belle Mere's (7)"
24.77467;1767;1767;0;0;"Humours Of Loughrea, The (4)"
24.77467;2209;2209;7;0;"John Watt Henry's (4)"
24.77467;16480;31255;5;0;"Through The Trade (4)"
9.90987;21.80171;89
