12.22586;535;34115;0;1;"Boys Of Ballisodare, The (4)"
20.68992;1002;26383;2;0;"Big John McNeil (4)"
20.68992;485;485;0;0;"Bothar Na Sop (4)"
20.68992;4275;16990;2;0;"Camber Lasses, The (4)"
20.68992;789;13925;0;0;"Primrose Lasses, The (4)"
21.60409;15323;28556;0;0;"Low, The (3)"
21.63037;4910;4910;0;0;"Cormac O'Lunney's (4)"
21.63037;4729;4729;0;0;"Swing Swang (4)"
21.63037;1701;15121;7;0;"Walter Sammon's Grandmother (4)"
21.97131;7217;7217;7;0;"Argan Mor (0)"
12.22586;20.68992;68
