10.65574;365;365;0;1;"Cat Rambles To The Child's Saucepan, The (5)"
19.48851;15927;29975;0;0;"Elusive Ross (1)"
21.34456;8259;25802;0;0;"O'Neill's Maggot (1)"
22.27258;10684;10684;5;0;"Cavehill (1)"
23.20060;5069;5069;5;0;"Bed Breaker, The (1)"
23.20060;10046;30987;5;0;"Deildy Aberteifi (1)"
23.20060;7368;7368;0;0;"Kitty Of Oulart (1)"
23.20060;6789;6789;0;0;"Kneebuckle, The (1)"
23.20060;12940;22182;0;0;"What Ails You? (1)"
23.97563;11142;11142;7;0;"Immigrants', The (7)"
10.65574;19.48851;83
