9.59936;3746;3746;0;1;"Bride's Favourite, The (1)"
27.72791;13429;23678;7;0;"Swiss (7)"
27.83814;13813;24795;0;0;"Jackson's Babby (1)"
27.83814;7993;19229;7;0;"Last Train From Loughrea (1)"
28.91453;535;28171;10;0;"Boys Of Ballisodare, The (4)"
29.75801;14638;26990;2;0;"Grackle, The (1)"
29.75801;3325;32427;7;0;"Jackson's (1)"
29.75801;1634;15058;0;0;"Lark On The Strand, The (1)"
29.75801;14991;27705;0;0;"Little Judique (1)"
29.75801;14992;27706;0;0;"Little Judique (1)"
9.59936;27.72791;82
