26.34905;737;23773;0;1;"Spike Island Lasses, The (4)"
26.74178;7982;30286;0;0;"Star, The (0)"
26.97839;31;29972;0;0;"Franc A'Phoill (1)"
27.32494;7671;7671;2;0;"Derry, The (4)"
27.32494;5865;17779;0;0;"Paddy Fahey's (4)"
27.43383;1211;14506;7;0;"Berwick Billy (7)"
27.73222;8633;8633;7;0;"Annie's (0)"
27.89145;2373;15720;3;0;"Beauty Of The North (2)"
27.89145;9342;24022;7;0;"Harry Cotter's Schottische (2)"
27.90033;10269;25739;0;0;"Shane O'Neill's March (3)"
26.34905;26.74178;88
