6.71667;887;887;0;1;"New Copperplate, The (4)"
20.98960;4781;4781;0;0;"House In The Glen, The (4)"
20.98960;5115;5115;7;0;"Maid Of The House, The (4)"
21.82918;303;24109;0;0;"Music In The Glen (4)"
21.82918;1178;14449;0;0;"Sheehan's (4)"
22.66877;15630;29335;7;0;"Drumline Castle (4)"
22.66877;181;181;7;0;"Fisherman's Island, The (4)"
22.66877;13964;25208;0;0;"Liscoleman (4)"
22.66877;1774;1774;7;0;"Lord Gordon's (4)"
22.86414;3134;3134;0;0;"Anascaul, The (3)"
6.71667;20.98960;88
