10.85145;8976;19808;0;1;"Whinny Hills Of Leitrim, The (6)"
14.79743;8049;19274;0;0;"Biddy From Limerick (6)"
14.95390;3956;29696;7;0;"Ray's Favorite (3)"
15.78392;13722;24419;0;0;"Byrne's Mill (6)"
15.97022;1286;1286;0;0;"Rob Roy (4)"
16.48434;992;30091;0;0;"Fraher's (1)"
16.77042;14173;25727;5;0;"Another String To Your Bow (6)"
16.77042;16948;32332;5;0;"Gan Ainm (6)"
16.77042;10384;10384;7;0;"Saoil, A Mhor, Am Pos Thu? (6)"
16.77042;13983;25293;0;0;"Yellow Legs (6)"
10.85145;14.79743;71
