8.00000;72;26519;0;1;"Merry Blacksmith, The (4)"
21.00000;6540;6540;0;0;"Paddy On The Railway (4)"
31.00000;596;596;5;0;"Touch Me If You Dare (4)"
32.00000;414;2111;0;0;"Bohola, The (1)"
32.00000;538;26679;0;0;"Devils Of Dublin (4)"
32.00000;14335;26223;5;0;"Leitrim Lasses, The (4)"
33.00000;10435;10435;7;0;"Brendan Sheehan's (1)"
33.00000;4648;4648;0;0;"John D. Burgess (1)"
33.00000;447;13314;0;0;"Rose In The Heather, The (1)"
33.00000;2548;23693;5;0;"Vega Mandolin (1)"
8.00000;21.00000;90
