25.00000;89;89;0;1;"Rambling Pitchfork, The (1)"
35.00000;6269;33930;0;0;"Father Kelly's (1)"
35.00000;12030;12030;0;0;"Kendal Ghyll (1)"
36.00000;4101;28821;0;0;"Blackbird, The (0)"
36.00000;11799;11799;0;0;"Grassy Road (1)"
37.00000;7449;18937;5;0;"Donal O'Connor's (5)"
37.00000;2458;2458;7;0;"Drunk At Night And Dry In The Morning (7)"
37.00000;792;13937;0;0;"Fool's (1)"
37.00000;3293;16357;5;0;"Hugh Gillespie's (7)"
37.00000;8777;19681;0;0;"Roland's Return (1)"
25.00000;35.00000;86
