9.00000;447;13314;0;1;"Rose In The Heather, The (1)"
23.00000;8281;8281;0;0;"Clare Shout, The (1)"
25.00000;5961;17862;0;0;"Battle Of Killiecrankie, The (2)"
25.00000;1527;22494;0;0;"Bill The Weaver's (5)"
25.00000;7055;7055;0;0;"Dan's Castle (1)"
25.00000;17349;33265;0;0;"Easter Sunday (1)"
25.00000;12466;20825;0;0;"Green Blanket, The (1)"
25.00000;1084;14320;0;0;"Hullichan (1)"
25.00000;4322;4322;0;0;"Young Tim Murphy (1)"
26.00000;342;31228;0;0;"Cat's Meow, The (1)"
26.00000;13569;24015;0;0;"Christie's Quickstep (1)"
26.00000;17470;33535;0;0;"Come Now Or Stay (1)"
26.00000;5030;5030;0;0;"Hunchback, The (4)"
26.00000;6983;6983;0;0;"Jimmy Connor's (5)"
26.00000;7843;7843;0;0;"Joy Be With You (1)"
26.00000;948;14140;0;0;"Kitty Lie Over (1)"
26.00000;11863;11863;0;0;"Night Owl Time, The (4)"
26.00000;11863;26853;0;0;"Night Owl Time, The (4)"
26.00000;772;28269;0;0;"Queen Of The Fair (1)"
26.00000;1328;1328;0;0;"Sean McGlynn's (7)"
9.00000;23.00000;81
