8.00000;52;22165;0;1;"Kid On The Mountain, The (6)"
18.00000;8006;34003;0;0;"Spatter The Dew (6)"
21.00000;13069;22500;0;0;"Jim Ryan's (3)"
21.00000;11313;11313;0;0;"Mickey Sweeney's (6)"
21.00000;6603;6603;0;0;"Winding Stairs, The (6)"
22.00000;15272;28445;0;0;"Louis Cyr (4)"
22.00000;10359;10359;0;0;"Maggie (0)"
23.00000;15739;32465;0;0;"Calendar Boys (4)"
23.00000;4914;4914;0;0;"Cunning Workmen, The (3)"
23.00000;148;12770;0;0;"Dever The Dancer (6)"
23.00000;4806;32325;0;0;"Donald MacLean's Farewell To Oban (2)"
23.00000;39;29902;0;0;"Kerry, The (3)"
23.00000;1120;1120;0;0;"Tame Her When Da Snaw Comes (4)"
23.00000;1120;14384;0;0;"Tame Her When Da Snaw Comes (4)"
23.00000;11284;11284;0;0;"Tom Mhick's (3)"
8.00000;18.00000;71
