14.00000;587;588;0;1;"Whistling Postman, The (1)"
25.00000;5812;5812;0;0;"Erika Damiani's (1)"
25.00000;11733;31777;0;0;"Gan Ainm (5)"
26.00000;11625;11625;0;0;"Be It Known To You (4)"
26.00000;6632;25487;0;0;"Clumsy Lover Jig, The (1)"
26.00000;228;12916;0;0;"Coppers And Brass (1)"
26.00000;10320;10320;0;0;"Earl Of Thomond, The (2)"
26.00000;14350;26276;0;0;"Hay De Gie (1)"
26.00000;8629;19578;0;0;"Once I Caught A Fish Alive (3)"
26.00000;3069;3069;0;0;"School Reels (4)"
26.00000;4224;4224;0;0;"Shields Fair (0)"
14.00000;25.00000;67
