13.00000;432;28234;0;1;"Maid Of Mount Kisco, The (4)"
32.00000;6899;18490;0;0;"Ben Hill (4)"
32.00000;14786;27295;0;0;"Church Of Dromore, The (1)"
32.00000;2212;2212;0;0;"John Naughton's (4)"
32.00000;2622;15877;0;0;"Naughton's (4)"
33.00000;1617;15043;0;0;"Coalminer's, The (4)"
33.00000;10975;10975;0;0;"Dance Of The Mermaid (4)"
33.00000;921;14110;0;0;"Knotted Cord, The (4)"
33.00000;5157;5157;0;0;"Korgi, The (4)"
33.00000;9178;9178;0;0;"Red Star Line, The (4)"
13.00000;32.00000;92
