11.00000;614;21187;0;1;"Connemara Stockings, The (4)"
32.00000;11742;22482;0;0;"Struan Robertson's Rant (2)"
33.00000;543;32266;0;0;"Ships Are Sailing, The (4)"
34.00000;11650;11650;0;0;"Col McBain (4)"
34.00000;12609;21213;0;0;"Don't Drink And Drum (4)"
35.00000;16301;30867;0;0;"Camino (3)"
35.00000;3957;3957;0;0;"Drogheda Bay (4)"
35.00000;10169;10169;0;0;"Ginley's (4)"
35.00000;242;25289;0;0;"Mother's Delight (4)"
35.00000;2659;2659;0;0;"Up To Your Knees In Sand (4)"
11.00000;32.00000;88
