5.00000;413;22993;0;1;"Humours Of Drinagh, The (1)"
20.00000;308;33957;0;0;"Tobin's Favourite (1)"
23.00000;9082;9082;0;0;"Ballycarbery, The (4)"
23.00000;15400;28793;0;0;"Biddy McGhee (1)"
23.00000;5608;17642;0;0;"Joanie's (1)"
23.00000;9489;9489;0;0;"Last Night's Funeral (4)"
23.00000;9898;9898;0;0;"Martin Mulvihill's (1)"
23.00000;6376;18120;0;0;"Meillionen (2)"
23.00000;832;13989;0;0;"Paddy Clancy's (1)"
23.00000;4387;4387;0;0;"San Francisco, The (4)"
5.00000;20.00000;71
