13.00000;116;116;0;1;"Wind That Shakes The Barley, The (4)"
31.00000;4193;16955;0;0;"Mick Carr's (2)"
32.00000;4129;16901;0;0;"Lose The Head (4)"
32.00000;9836;9836;0;0;"Oliviers (4)"
33.00000;8861;19755;0;0;"Jimmy Doyle's (3)"
33.00000;9411;9411;7;0;"Nae Luck Aboot The Hoose (0)"
34.00000;1274;31790;0;0;"New Found Out, The (4)"
35.00000;87;22638;7;0;"Rolling In The Ryegrass (4)"
35.00000;2905;2905;7;0;"Rory MacLeod (1)"
35.00000;13106;22559;7;0;"Tom Fitzmorris' (4)"
13.00000;31.00000;93
