3.00000;938;938;0;1;"Lady On The Island, The (4)"
20.00000;2825;2825;0;0;"Hornless Cow, The (4)"
22.00000;2;28224;0;0;"Bucks Of Oranmore, The (4)"
23.00000;380;24106;2;0;"Jenny Dang The Weaver (4)"
23.00000;6565;6565;0;0;"Old Micky McKiernan's (4)"
23.00000;8698;8698;0;0;"Sportsman's, The (0)"
24.00000;277;277;5;0;"Britches, The (4)"
24.00000;11467;11467;0;0;"Da Farder Ben Da Welcomer (3)"
24.00000;27;12413;0;0;"Drowsy Maggie (4)"
24.00000;2070;2070;0;0;"Kilfrush, The (4)"
3.00000;20.00000;84
