4.00000;535;25990;0;1;"Boys Of Ballisodare, The (4)"
22.00000;3053;16197;0;0;"Macpherson's Rant (2)"
24.00000;936;21841;0;0;"Fair Wind, The (4)"
24.00000;14423;26488;0;0;"March Past (3)"
25.00000;15863;29835;0;0;"Alborada D'Allunquía (4)"
25.00000;16272;30797;0;0;"Amy's Favourite (4)"
25.00000;17536;33690;0;0;"John Creeney's (3)"
25.00000;1729;1729;0;0;"Noon Lassies, The (4)"
25.00000;2903;2903;0;0;"Salmon Tails Up The Water (3)"
25.00000;3255;3255;0;0;"Victory, The (4)"
4.00000;22.00000;86
