15.00000;351;351;0;1;"Hag With The Money, The (1)"
30.00000;2540;29107;0;0;"Drummond Castle (1)"
32.00000;775;13902;0;0;"Banks Of Lough Gowna, The (1)"
32.00000;457;13335;0;0;"Floating Crowbar, The (4)"
32.00000;4840;4840;0;0;"Humours Of Rahey, The (1)"
32.00000;4596;23373;0;0;"Jenny's Folly (4)"
32.00000;8438;8438;0;0;"Lucy McKenna (1)"
32.00000;2548;23693;0;0;"Vega Mandolin (1)"
33.00000;17600;33869;0;0;"Mo Ghra Thu (1)"
33.00000;1185;1185;0;0;"Sonny Brogan's (1)"
15.00000;30.00000;80
