22.00000;68;68;0;1;"Mountain Road, The (4)"
27.00000;13303;24792;3;0;"Miss Maria Dundas (4)"
29.00000;481;13381;0;0;"Bill Sullivan's (3)"
29.00000;6305;18074;5;0;"Firehose, The (4)"
29.00000;3835;16764;0;0;"John Brosnan's (3)"
29.00000;8816;34334;7;0;"Lumsden's Rant (4)"
29.00000;5020;5020;0;0;"Midnight On The Water (7)"
29.00000;16951;32344;0;0;"Pier Of Bowmore (6)"
29.00000;5065;5065;0;0;"Thanks To Brian (0)"
29.00000;3248;3248;0;0;"Tornado Two Step, The (4)"
22.00000;27.00000;98
