15.00000;769;13892;0;1;"Belles Of Tipperary, The (4)"
31.00000;12530;21039;0;0;"Coming To Mind (4)"
31.00000;5981;5981;0;0;"Gathering The Dal GCais (4)"
31.00000;11198;11198;0;0;"Jock Tamson's (4)"
32.00000;15;31099;0;0;"Calliope House (1)"
32.00000;2317;15684;0;0;"Liberty (4)"
32.00000;64;24374;0;0;"Maid Behind The Bar, The (4)"
32.00000;5061;5061;0;0;"Morag's (4)"
32.00000;9210;19954;0;0;"Ronan Boys, The (4)"
32.00000;12095;12095;0;0;"Ymdaith Rhosgadfan (3)"
15.00000;31.00000;95
