10.00000;769;769;0;1;"Belles Of Tipperary, The (4)"
24.00000;16705;31804;0;0;"By Heck (2)"
26.00000;7221;7221;0;0;"Leaping Salmon, The (4)"
27.00000;471;471;0;0;"Miss Monaghan (4)"
27.00000;4487;33544;0;0;"Thrush In The Storm, The (4)"
28.00000;15682;29428;0;0;"Angst Agus Angus (1)"
28.00000;12387;20655;0;0;"Mrs. Summer (4)"
29.00000;343;13135;0;0;"Boys Of The Lough, The (4)"
29.00000;4428;27059;0;0;"High Drive, The (4)"
29.00000;14639;26992;0;0;"Mariposa (4)"
10.00000;24.00000;86
