10.00000;548;22982;0;1;"Scotsman Over The Border, The (1)"
11.00000;771;24743;0;0;"Carraroe, The (1)"
23.00000;11222;11222;0;0;"Drunraney Lass, The (1)"
23.00000;3828;16757;0;0;"Spicy, The (1)"
24.00000;9038;19853;0;0;"Boules Et Guirlandes (7)"
24.00000;8247;19410;0;0;"Gates Of Derry, The (1)"
24.00000;893;14079;0;0;"Hurry The Jug (1)"
24.00000;7458;12291;0;0;"Life Is All Chequered (1)"
24.00000;13051;22443;0;0;"Old, The (1)"
24.00000;1392;14757;0;0;"Rollicking Boys Of Tandragee, The (1)"
24.00000;10428;10428;0;0;"Rolling Down The Hills (1)"
24.00000;1216;28310;0;0;"Strike The Gay Harp (1)"
10.00000;11.00000;74
