14.00000;887;887;0;1;"New Copperplate, The (4)"
24.00000;1723;1723;7;0;"Killavil, The (4)"
26.00000;8829;8829;0;0;"Sault's (0)"
27.00000;410;25958;0;0;"Old Copperplate, The (4)"
27.00000;3003;30566;0;0;"Paddy Ryan's Nightmare (4)"
27.00000;8197;19385;7;0;"Patrick's (4)"
28.00000;74;28457;0;0;"Mason's Apron, The (4)"
28.00000;9816;9816;0;0;"Matthew's (4)"
28.00000;11020;11020;2;0;"Skipping Lambs (4)"
28.00000;13573;24024;0;0;"Union (0)"
14.00000;24.00000;92
