18.00000;887;887;0;1;"New Copperplate, The (4)"
23.00000;86;86;5;0;"Rakish Paddy (4)"
33.00000;6781;6781;5;0;"Mary Alick's (4)"
35.00000;514;23074;0;0;"Down The Broom (4)"
35.00000;164;12795;0;0;"Hen And Her Brood, The (4)"
35.00000;13328;23325;5;0;"Meatballs, Whisky And Beer (0)"
36.00000;9816;9816;0;0;"Matthew's (4)"
37.00000;3283;28942;7;0;"Hills Of Connemara, The (4)"
37.00000;1466;1466;0;0;"John McFadden's Favourite (4)"
37.00000;5125;5125;0;0;"O'Dwyer's (0)"
18.00000;23.00000;98
