23.00000;737;737;0;1;"Spike Island Lasses, The (4)"
29.00000;16013;30167;0;0;"Inside-Oot Fish Eater, The (4)"
30.00000;870;14041;0;0;"Spórt (1)"
30.00000;16186;30572;0;0;"Tiggy's Giggles (1)"
31.00000;4739;25253;0;0;"Antigonish Polka, The (2)"
31.00000;16212;30624;0;0;"Aye Right (4)"
31.00000;1076;32833;0;0;"Black Rogue, The (1)"
31.00000;16502;31317;0;0;"Continental (7)"
31.00000;2117;15501;0;0;"Crossing The Minch (0)"
31.00000;1491;24052;0;0;"Johnny McIljohn's (4)"
31.00000;1578;22778;0;0;"Lark In The Morning, The (1)"
31.00000;2652;24669;0;0;"My Lagan Love (3)"
31.00000;710;710;0;0;"Queen Of The Rushes, The (1)"
31.00000;710;27798;0;0;"Queen Of The Rushes, The (1)"
31.00000;7969;19217;0;0;"Ronnie's (1)"
31.00000;182;20993;0;0;"Silver Spear, The (4)"
31.00000;289;289;0;0;"Suzy's (5)"
31.00000;8252;30993;0;0;"Sweets Of May, The (1)"
31.00000;8779;19684;0;0;"Triumphal March, The (2)"
31.00000;3145;25236;0;0;"Up And About In The Morning (1)"
23.00000;29.00000;100
