12.00000;1064;32301;0;1;"Whinney Hills Of Leitrim, The (6)"
15.00000;378;30027;0;1;"Redican's Mother (6)"
23.00000;5197;17468;0;0;"Paddy McMahon's (1)"
24.00000;12699;21453;0;0;"Mike's Ride (4)"
25.00000;2;2;0;0;"Bucks Of Oranmore, The (4)"
25.00000;16844;32090;0;0;"Charlie's Frolics (1)"
25.00000;1491;14875;0;0;"Johnny McIljohn's (4)"
25.00000;2148;2148;0;0;"Out On The Road (1)"
25.00000;4165;17827;5;0;"Reaping The Rye (6)"
25.00000;9277;9277;0;0;"Whistlin' October (0)"
12.00000;23.00000;72
