14.00000;5684;5684;0;1;"Beautiful Goldfinch, The (7)"
19.00000;2390;2390;2;0;"Matthew's (3)"
20.00000;7678;19067;0;0;"Ballyket Courthouse (4)"
20.00000;13235;23023;0;0;"Belgarth (7)"
20.00000;16329;30925;2;0;"Breatnaigh Abú (3)"
20.00000;15206;28268;5;0;"Dark As A Dungeon (7)"
20.00000;9562;9562;2;0;"El Paso (7)"
20.00000;14251;25951;0;0;"Just The Very Thing (1)"
20.00000;12660;21343;0;0;"Peter McArdle's Highland (2)"
20.00000;9113;33660;7;0;"Sunday River (7)"
14.00000;19.00000;59
