14.00000;5684;5684;0;1;"Beautiful Goldfinch, The (7)"
20.00000;7678;19067;0;0;"Ballyket Courthouse (4)"
20.00000;13235;23023;0;0;"Belgarth (7)"
20.00000;14251;25951;0;0;"Just The Very Thing (1)"
20.00000;12660;21343;0;0;"Peter McArdle's Highland (2)"
21.00000;7812;7812;0;0;"Ag Argoint I Scoil Eigse (1)"
21.00000;7317;18838;0;0;"Killavil Postman, The (2)"
21.00000;6571;18252;0;0;"Lad From Orkney, The (4)"
21.00000;3411;3411;0;0;"Mist-Covered Mountains Of Home, The (7)"
21.00000;4242;4242;0;0;"Planxty Johnston (1)"
21.00000;1044;1044;0;0;"Seamus O'Brien's (7)"
21.00000;7009;7009;0;0;"Shifting Peat And Feet (1)"
21.00000;3682;3682;0;0;"Tom Martin's (4)"
21.00000;781;23077;0;0;"Two Days To Go (4)"
14.00000;20.00000;59
