4.00000;151;151;0;1;"Tar Road To Sligo, The (1)"
22.00000;7828;7828;0;0;"Races At Carrick, The (1)"
24.00000;4887;4887;7;0;"Cahal's (1)"
24.00000;778;778;0;0;"Long Night, The (6)"
26.00000;6816;6816;0;0;"Gigue Des Touristes (1)"
27.00000;1494;1494;5;0;"Belle Gigue (1)"
27.00000;662;662;0;0;"Johnny Doherty's (1)"
27.00000;4711;4711;0;0;"King Billy's March (1)"
27.00000;2724;4704;10;0;"Mac's Fancy (1)"
27.00000;11877;11877;0;0;"Spotted Cow, The (1)"
4.00000;22.00000;73
