13.00000;8976;19808;0;1;"Whinny Hills Of Leitrim, The (6)"
18.00000;8049;19274;0;0;"Biddy From Limerick (6)"
19.00000;169;27607;0;0;"Gusty's Frolics (6)"
20.00000;13983;25293;0;0;"Yellow Legs (6)"
21.00000;9431;9431;0;0;"Polly Bishop's (6)"
21.00000;4042;16864;5;0;"Ride A Mile (6)"
22.00000;2743;2743;0;0;"Fairy, The (6)"
22.00000;9308;9308;0;0;"Fergie The Gamekeeper (1)"
22.00000;191;32400;7;0;"My Mind Will Never Be Easy (6)"
22.00000;532;13471;5;0;"Paddy Fahey's (1)"
13.00000;18.00000;76
