4.34802;651;651;0;1;"Boys Of Bluehill, The (0)"
18.45936;2045;25819;0;0;"Duncan Davidson's (2)"
18.67704;4046;4046;5;0;"Down In Abbey (6)"
18.85036;10371;20320;0;0;"Keep The Old Ark Rolling (5)"
19.13127;5720;5720;0;0;"Saratoga (0)"
20.00088;16327;30922;5;0;"Thunderhead (0)"
20.22628;1523;14922;5;0;"Culfadda, The (4)"
20.22628;3105;16224;7;0;"Put Me In The Big Chest (4)"
20.30530;14436;26516;0;0;"Mill, Mill O, The (2)"
20.33999;8766;8766;0;0;"Obsessive Island (1)"
4.34802;18.45936;65
