0.90034;1398;1398;0;1;"Star Above The Garter, The (5)"
25.02501;16521;31399;0;0;"McShane's Rambles (1)"
25.91876;7990;7990;7;0;"Mary Ann Pierson's (1)"
28.51158;7748;19107;0;0;"Elizabeth Clare (7)"
28.51158;13880;24932;5;0;"Ghost, The (7)"
28.60002;5860;5860;7;0;"Hell On The Mountain (1)"
28.60002;6;1680;0;0;"This Is My Love, Do You Like Her? (1)"
29.49377;7967;7967;0;0;"Gan Ainm (1)"
29.97919;2620;2620;7;0;"Garech's Wedding (6)"
30.30288;12457;20810;2;0;"Chain (3)"
0.90034;25.02501;82
