12.14745;1398;1398;0;1;"Star Above The Garter, The (5)"
18.30377;5375;5375;0;0;"Gort Na Mona (1)"
20.52589;8656;8656;7;0;"Da Blue Yowe (4)"
20.52589;12531;21040;7;0;"Grant's (4)"
20.75295;12457;20810;2;0;"Chain (3)"
21.04934;2788;4501;0;0;"Bill Harte's (1)"
21.45889;12579;21137;9;0;"Farley Bridge, The (4)"
21.45889;9134;19917;7;0;"String Trader, The (4)"
21.45889;999;14209;7;0;"West Clare (4)"
21.69188;9153;9153;7;0;"Kiely Cotters (5)"
12.14745;18.30377;63
