9.64392;413;22993;0;1;"Humours Of Drinagh, The (1)"
20.09151;5695;5695;0;0;"Swallow's Nest, The (1)"
20.09151;1454;14843;5;0;"Wallop The Potlid (1)"
20.89517;1733;1733;0;0;"Farewell To Gurteen (1)"
20.89517;308;13073;0;0;"Tobin's Favourite (1)"
21.69883;16340;30951;5;0;"Beoga On Ice (1)"
21.69883;1076;14307;0;0;"Black Rogue, The (1)"
21.69883;809;25106;0;0;"Charlie Hunter (1)"
21.69883;2096;15489;5;0;"Chicago, The (1)"
21.69883;17132;32789;0;0;"Gan Ainm (1)"
9.64392;20.09151;77
