5.05565;116;116;0;1;"Wind That Shakes The Barley, The (4)"
23.59305;4129;16901;0;0;"Lose The Head (4)"
23.59305;13106;22559;7;0;"Tom Fitzmorris' (4)"
25.27827;9836;9836;0;0;"Oliviers (4)"
25.27827;16829;32065;5;0;"Straw Hat, The (4)"
26.12088;2965;16131;7;0;"Coming Home From The Bog (4)"
26.12088;759;759;0;0;"Crowley's (4)"
26.12088;967;14163;0;0;"Morning Thrush, The (4)"
26.12088;16870;32137;7;0;"Renovation, The (4)"
26.12088;3069;3069;5;0;"School Reels (4)"
5.05565;23.59305;88
