9.30613;634;634;0;1;"Galway Rambler, The (4)"
20.47348;535;535;0;0;"Boys Of Ballisodare, The (4)"
21.69836;12763;21611;10;0;"Belle Mere's (7)"
22.33471;3332;16401;0;0;"Finlay's Delight (4)"
22.33471;9708;9708;0;0;"Leg In The Ditch, The (4)"
22.33471;1625;1625;0;0;"Lucky In Love (4)"
22.33471;850;24812;7;0;"Smoky Bar, The (4)"
22.56629;13491;28757;0;0;"Orange In Bloom (7)"
22.56629;8724;8724;2;0;"When The Battle Is Over (7)"
22.56629;8394;8394;0;0;"Wired To The Moon (7)"
9.30613;20.47348;89
