10.05890;8976;19808;0;1;"Whinny Hills Of Leitrim, The (6)"
13.71668;8049;19274;0;0;"Biddy From Limerick (6)"
14.40047;3956;29696;7;0;"Ray's Favorite (3)"
14.63112;13722;24419;0;0;"Byrne's Mill (6)"
14.77700;992;30091;0;0;"Fraher's (1)"
15.50449;1286;1286;0;0;"Rob Roy (4)"
15.54557;14173;25727;5;0;"Another String To Your Bow (6)"
15.54557;16948;32332;5;0;"Gan Ainm (6)"
15.54557;10384;10384;7;0;"Saoil, A Mhor, Am Pos Thu? (6)"
15.54557;13983;25293;0;0;"Yellow Legs (6)"
10.05890;13.71668;71
