13.24119;5684;5684;0;1;"Beautiful Goldfinch, The (7)"
16.77217;9562;9562;2;0;"El Paso (7)"
17.64465;16329;30925;2;0;"Breatnaigh Abú (3)"
17.64465;6170;18016;2;0;"Ray's Classic (3)"
18.50826;3137;23090;7;0;"Above And Beyond (0)"
18.50826;4184;27370;7;0;"Roisin Dubh (0)"
18.50826;10643;10643;0;0;"Rosie Clayton's (0)"
18.53766;12892;22065;0;0;"Bridget Cruise (7)"
18.53766;1292;14600;7;0;"Hector The Hero (7)"
18.53766;6508;27248;0;0;"Ned Of The Hill (7)"
13.24119;16.77217;59
