8.08178;64;64;0;1;"Maid Behind The Bar, The (4)"
11.19015;166;33664;0;0;"Green Mountain, The (4)"
14.29853;15138;28068;0;0;"Dave MacNeil's (4)"
16.78523;806;806;5;0;"Flagstone Of Memories (4)"
17.40690;478;478;5;0;"Cronin's (0)"
18.65025;581;22639;0;0;"Graf Spee, The (4)"
18.65025;7599;7599;7;0;"John Keith Lang (4)"
19.27193;1040;23271;0;0;"Sheila Coyle's (4)"
19.27193;15264;28625;0;0;"Shooting Star, The (4)"
19.58188;12646;21281;0;0;"Bar Behind The Maid, The (1)"
8.08178;11.19015;85
