4.05903;98;98;0;1;"Sally Gardens, The (4)"
6.95835;14008;25372;0;0;"Glen Allen (4)"
7.82814;969;14166;0;0;"Buckley's Fancy (4)"
7.82814;141;25665;0;0;"Humours Of Tulla, The (4)"
7.82814;3003;3003;0;0;"Paddy Ryan's Nightmare (4)"
8.11807;2221;2221;9;0;"MacArthur Road (4)"
8.69793;5298;5298;7;0;"Da Grocer (4)"
8.69793;5032;5032;0;0;"Lex The Former Gobbo (4)"
8.69793;13573;24024;0;0;"Union (0)"
8.98786;2601;15857;0;0;"First House In Connaught, The (4)"
4.05903;6.95835;92
