4.05007;410;410;0;1;"Old Copperplate, The (4)"
8.77514;7898;7898;2;0;"Gallow's Hill (4)"
9.11265;4607;4607;0;0;"Alex Campbell's (4)"
9.11265;16904;32197;2;0;"Gallows Hill (4)"
9.11265;14698;27116;2;0;"Return Of The Eagle, The (4)"
9.45016;11306;21376;0;0;"Bird's, The (0)"
9.45016;12612;24230;7;0;"Brook, The (4)"
9.45016;989;989;0;0;"Cloch Na Ceithre Mhile (4)"
9.45016;1059;1059;0;0;"Galtee, The (4)"
9.45016;700;700;5;0;"Seany Dorris (4)"
4.05007;8.77514;89
