5.35353;413;22993;0;1;"Humours Of Drinagh, The (1)"
11.15319;5695;5695;0;0;"Swallow's Nest, The (1)"
11.15319;1454;14843;5;0;"Wallop The Potlid (1)"
11.59932;1733;1733;0;0;"Farewell To Gurteen (1)"
11.59932;308;13073;0;0;"Tobin's Favourite (1)"
12.04545;16340;30951;5;0;"Beoga On Ice (1)"
12.04545;1076;14307;0;0;"Black Rogue, The (1)"
12.04545;809;25106;0;0;"Charlie Hunter (1)"
12.04545;2096;15489;5;0;"Chicago, The (1)"
12.04545;17132;32789;0;0;"Gan Ainm (1)"
5.35353;11.15319;77
