5.93390;413;413;0;1;"Humours Of Drinagh, The (1)"
10.49844;1733;1733;0;0;"Farewell To Gurteen (1)"
11.41134;308;13073;0;0;"Tobin's Favourite (1)"
12.32425;13012;22372;0;0;"Castleblaney Piper, The (1)"
12.78070;809;25993;0;0;"Charlie Hunter (1)"
13.23716;4102;16889;0;0;"Billy Pigg's (1)"
13.23716;1000;14212;5;0;"Bridal, The (1)"
13.23716;8551;8551;5;0;"Joan's (1)"
13.23716;8963;19795;7;0;"Old As The Hills (1)"
13.23716;12913;22109;5;0;"Oro Bog Liom I (5)"
5.93390;10.49844;80
