2.79235;769;13892;0;1;"Belles Of Tipperary, The (4)"
4.10640;891;28951;0;0;"Trip To Durrow, The (4)"
4.59916;682;682;0;0;"Master McDermott's (4)"
4.76342;11112;11112;7;0;"Billy's (4)"
4.76342;310;23628;0;0;"Home Ruler, The (0)"
4.76342;3414;26332;5;0;"Hurlock's (4)"
4.76342;12268;12268;5;0;"Sean's (4)"
4.92768;5998;17903;10;0;"Cronin's (4)"
4.92768;14947;27618;5;0;"Free Of C & F (4)"
4.92768;1846;15279;5;0;"Mossy Banks, The (4)"
2.79235;4.10640;87
