1.04297;11;11;0;1;"Boys Of Malin, The (4)"
1.99113;1411;14788;5;0;"Jennie Rocking The Cradle (4)"
2.46520;1321;1321;5;0;"Iniscealtra (4)"
2.46520;8335;19462;10;0;"Kipeen Scanlon's (0)"
2.56002;2662;27040;0;0;"Reel Des Voyageurs (4)"
2.65484;1370;14723;5;0;"Bean An Tí Ar Lár (4)"
2.65484;16928;32262;5;0;"Hjogravylta (4)"
2.65484;5186;5186;5;0;"Money In Both Pockets (4)"
2.65484;13762;24570;0;0;"Neillie Boyle's (4)"
2.65484;94;24085;5;0;"Scholar, The (4)"
1.04297;1.99113;89
