1.75603;720;720;0;1;"Old Blackthorn, The (4)"
2.78898;5516;5516;0;0;"Brogan's Ferry (4)"
3.30546;4188;4188;7;0;"Gan Ainm (4)"
3.30546;938;29391;0;0;"Lady On The Island, The (4)"
3.40876;10941;10941;5;0;"Adrian's Delight (4)"
3.40876;15913;29933;0;0;"Betty Black (2)"
3.40876;651;13682;0;0;"Boys Of Bluehill, The (0)"
3.40876;166;12798;0;0;"Green Mountain, The (4)"
3.40876;7462;18942;5;0;"Jack Robinson (3)"
3.40876;8360;8360;5;0;"Suo Gan (4)"
1.75603;2.78898;85
