2.13435;1348;23501;0;1;"Boys Of Ballinahinch, The (4)"
4.74300;1509;24208;0;0;"Strawberry Blossom, The (4)"
7.35164;1432;1432;0;0;"Noisy Curlew, The (4)"
7.58879;12802;27029;5;0;"Lisheen, The (4)"
7.82594;17471;33536;0;0;"Barn Dance (2)"
7.82594;3127;3127;5;0;"Lisdoonvarna, The (4)"
7.82594;543;26706;0;0;"Ships Are Sailing, The (4)"
8.06309;2301;2301;0;0;"Charlie Mulvihill's (4)"
8.06309;936;2057;5;0;"Fair Wind, The (4)"
8.06309;1552;29073;0;0;"Lucy Campbell (4)"
2.13435;4.74300;90
