7.01577;5215;3446;0;1;"Gleanntan Frolics, The (5)"
13.09610;9725;9725;10;0;"My Bonnie Blue Eyed Lassie (1)"
13.09610;12365;20607;0;0;"Tam O'Shanter (1)"
14.03154;1430;1994;5;0;"Cat That Ate The Candle, The (1)"
14.03154;10319;10319;5;0;"Easter Snow (6)"
14.03154;16948;32332;5;0;"Gan Ainm (6)"
14.03154;2081;15469;7;0;"Gavotte (5)"
14.03154;8963;19796;7;0;"Old As The Hills (1)"
14.03154;832;13989;0;0;"Paddy Clancy's (1)"
14.03154;308;24194;5;0;"Tobin's Favourite (1)"
7.01577;13.09610;79
