3.30846;1075;1075;7;1;"Britches Full Of Stitches, The (3)"
10.47679;16300;30866;0;0;"Polka John (3)"
10.47679;583;21615;7;0;"Rattlin' Bog, The (3)"
11.02820;39;12452;0;0;"Kerry, The (3)"
11.02820;10250;10250;2;0;"Prelude (3)"
11.57961;3228;3228;0;0;"Blackwater, The (3)"
11.57961;15478;28985;2;0;"For The Young (3)"
11.57961;4296;4296;0;0;"Little Diamond, The (3)"
11.57961;5952;17851;0;0;"Martin O'Connor's (3)"
11.57961;6631;6631;0;0;"Meg Fogarty's (3)"
3.30846;10.47679;55
