5.01424;5;25593;0;1;"Blarney Pilgrim, The (1)"
12.30768;7353;30411;2;0;"Donald McLean Of Lewis (1)"
12.30768;4934;4934;7;0;"Lieve's (1)"
12.30768;3842;16768;5;0;"Lisnagun, The (1)"
12.30768;6316;18078;5;0;"Lisnagun, The (1)"
12.30768;3418;34178;0;0;"My Former Wife (1)"
12.76352;9384;9384;7;0;"A Blur Of Heather (1)"
12.76352;3110;3110;0;0;"Helvic Head (1)"
13.21936;4164;4164;0;0;"Morrison's Favourite (1)"
13.21936;5797;17738;0;0;"Mulvihill's (1)"
5.01424;12.30768;76
