1.40784;353;28146;0;1;"Tinker's Daughter, The (4)"
3.21792;166;12799;0;0;"Green Mountain, The (4)"
4.22352;64;31387;0;0;"Maid Behind The Bar, The (4)"
4.42464;363;363;0;0;"Drunken Landlady, The (4)"
4.42464;17032;32535;0;0;"Griffith Morgan (4)"
4.62576;4486;29048;2;0;"Beautiful Gortree (4)"
4.62576;2881;20735;0;0;"Devanny's Goat (4)"
4.62576;1224;1224;5;0;"Larkin's Beehive (4)"
4.62576;15444;28910;0;0;"Liosa's Funky (4)"
4.62576;3818;3818;7;0;"Walking On The Moon (4)"
1.40784;3.21792;86
