1.51592;517;32671;0;1;"Pigeon On The Gate, The (4)"
2.27388;4312;17011;0;0;"Pigeon On The Gate, The (4)"
3.03184;1183;1183;0;0;"Cabin Hunter, The (4)"
3.22133;11348;33991;0;0;"Caribou, The (4)"
3.60031;9686;9686;0;0;"Sean Kelly (4)"
4.35827;1596;25647;3;0;"Old Pigeon On The Gate, The (4)"
4.35827;1651;30818;5;0;"Sergeant Early's Dream (4)"
4.73725;633;13658;5;0;"Saint Ruth's Bush (4)"
5.11623;13217;22954;0;0;"Bridget Flynn's (4)"
5.11623;479;479;5;0;"Corner House, The (4)"
1.51592;2.27388;88
