3.68424;1787;15232;0;1;"Trip To Birmingham, The (4)"
7.10532;10801;20501;0;0;"Temple In The Glen, The (4)"
7.36848;2273;15641;0;0;"London Lasses (4)"
7.36848;2232;15600;0;0;"Ronnie Cooper (4)"
7.36848;2958;2958;0;0;"Rookery, The (4)"
7.63164;969;14166;0;0;"Buckley's Fancy (4)"
7.63164;9808;9808;7;0;"Bus To Mullahoran, The (4)"
7.63164;8149;8149;2;0;"George Booker (4)"
7.63164;12416;20700;7;0;"Maid Amongst The Roses (4)"
7.63164;440;440;0;0;"Tommy Coen's (4)"
3.68424;7.10532;88
