12.95700;3893;3893;2;1;"Woods Of Old Limerick, The (1)"
18.13980;8994;8994;2;0;"Caledon Line (1)"
19.86740;1454;14848;2;0;"Wallop The Potlid (1)"
22.45880;1334;1334;2;0;"Luck Penny, The (1)"
22.60575;7386;21010;2;0;"Neili's (3)"
23.02680;3215;16290;2;0;"Kiss Her Under The Coverlet (6)"
23.02680;6991;6991;9;0;"Moll Roe (6)"
23.02680;9077;9077;2;0;"Rabbit, The (6)"
23.32260;11378;11378;9;0;"German Sailor, The (1)"
23.32260;5430;28811;4;0;"Paddy Taylor's (1)"
12.95700;18.13980;74
