11.68860;5684;5684;0;1;"Beautiful Goldfinch, The (7)"
14.80556;9562;9562;2;0;"El Paso (7)"
16.31217;3137;23090;7;0;"Above And Beyond (0)"
16.31217;4184;27370;7;0;"Roisin Dubh (0)"
16.31217;10643;10643;0;0;"Rosie Clayton's (0)"
16.36404;12892;22065;0;0;"Bridget Cruise (7)"
16.36404;1292;14600;7;0;"Hector The Hero (7)"
16.36404;6508;27248;0;0;"Ned Of The Hill (7)"
16.38598;16329;30925;2;0;"Breatnaigh Abú (3)"
16.38598;6170;18016;2;0;"Ray's Classic (3)"
11.68860;14.80556;59
